0,http://en.wikipedia.org/wiki/Flag_of_India,1,
1,http://en.wikipedia.org/wiki/Emblem_of_India,1,
2,http://en.wikipedia.org/wiki/Satyameva_Jayate,1,
3,http://en.wikipedia.org/wiki/Sanskrit_language,0,
4,http://en.wikipedia.org/wiki/Jana_Gana_Mana,1,
5,http://en.wikipedia.org/wiki/Vande_Mataram,1,
6,http://en.wikipedia.org/wiki/New_Delhi,1,
7,http://en.wikipedia.org/wiki/Mumbai,2,
8,http://en.wikipedia.org/wiki/Standard_Hindi,0,
9,http://en.wikipedia.org/wiki/Indian_English,1,
10,http://en.wikipedia.org/wiki/Standard_Hindi,0,
11,http://en.wikipedia.org/wiki/Devanagari,1,
12,http://en.wikipedia.org/wiki/Official_language,1,
13,http://en.wikipedia.org/wiki/Indian_English,1,
14,http://en.wikipedia.org/wiki/Eighth_Schedule_to_the_Constitution,0,
15,http://en.wikipedia.org/wiki/Assamese_language,1,
16,http://en.wikipedia.org/wiki/Bengali_language,1,
17,http://en.wikipedia.org/wiki/Bodo_language,1,
18,http://en.wikipedia.org/wiki/Dogri_language,1,
19,http://en.wikipedia.org/wiki/Gujarati_language,1,
20,http://en.wikipedia.org/wiki/Standard_Hindi,0,
21,http://en.wikipedia.org/wiki/Kannada_language,1,
22,http://en.wikipedia.org/wiki/Kashmiri_language,1,
23,http://en.wikipedia.org/wiki/Konkani_language,1,
24,http://en.wikipedia.org/wiki/Maithili_language,1,
25,http://en.wikipedia.org/wiki/Malayalam_language,0,
26,http://en.wikipedia.org/wiki/Meitei_language,0,
27,http://en.wikipedia.org/wiki/Marathi_language,1,
28,http://en.wikipedia.org/wiki/Nepali_language,1,
29,http://en.wikipedia.org/wiki/Oriya_language,1,
30,http://en.wikipedia.org/wiki/Punjabi_language,1,
31,http://en.wikipedia.org/wiki/Sanskrit,4,
32,http://en.wikipedia.org/wiki/Santali_language,1,
33,http://en.wikipedia.org/wiki/Sindhi_language,1,
34,http://en.wikipedia.org/wiki/Tamil_language,1,
35,http://en.wikipedia.org/wiki/Telugu_language,1,
36,http://en.wikipedia.org/wiki/Urdu,1,
37,http://en.wikipedia.org/wiki/National_language,1,
38,http://en.wikipedia.org/wiki/Demonym,1,
39,http://en.wikipedia.org/wiki/Indian_people,1,
40,http://en.wikipedia.org/wiki/Politics_of_India,1,
41,http://en.wikipedia.org/wiki/Federalism,1,
42,http://en.wikipedia.org/wiki/Parliamentary_system,1,
43,http://en.wikipedia.org/wiki/Constitutional_republic,0,
44,http://en.wikipedia.org/wiki/President_of_India,1,
45,http://en.wikipedia.org/wiki/Pranab_Mukherjee,1,
46,http://en.wikipedia.org/wiki/Vice_President_of_India,1,
47,http://en.wikipedia.org/wiki/Mohammad_Hamid_Ansari,1,
48,http://en.wikipedia.org/wiki/Prime_Minister_of_India,1,
49,http://en.wikipedia.org/wiki/Manmohan_Singh,1,
50,http://en.wikipedia.org/wiki/Indian_National_Congress,1,
51,http://en.wikipedia.org/wiki/Speaker_of_the_Lok_Sabha,1,
52,http://en.wikipedia.org/wiki/Meira_Kumar,1,
53,http://en.wikipedia.org/wiki/Chief_Justice_of_India,1,
54,http://en.wikipedia.org/wiki/Rajendra_Mal_Lodha,1,
55,http://en.wikipedia.org/wiki/Parliament_of_India,1,
56,http://en.wikipedia.org/wiki/Upper_house,1,
57,http://en.wikipedia.org/wiki/Rajya_Sabha,1,
58,http://en.wikipedia.org/wiki/Lower_house,1,
59,http://en.wikipedia.org/wiki/Lok_Sabha,1,
60,http://en.wikipedia.org/wiki/Indian_independence_movement,1,
61,http://en.wikipedia.org/wiki/United_Kingdom,1,
62,http://en.wikipedia.org/wiki/Dominion,1,
63,http://en.wikipedia.org/wiki/Republic,2,
64,http://en.wikipedia.org/wiki/Geography_of_India,1,
65,http://en.wikipedia.org/wiki/List_of_countries_and_dependencies_by_area,2,
66,http://en.wikipedia.org/wiki/Demographics_of_India,1,
67,http://en.wikipedia.org/wiki/List_of_countries_by_population,1,
68,http://en.wikipedia.org/wiki/List_of_sovereign_states_and_dependent_territories_by_population_density,1,
69,http://en.wikipedia.org/wiki/Gross_domestic_product,2,
70,http://en.wikipedia.org/wiki/Purchasing_power_parity,1,
71,http://en.wikipedia.org/wiki/Gross_domestic_product,2,
72,http://en.wikipedia.org/wiki/Gini_coefficient,1,
73,http://en.wikipedia.org/wiki/List_of_countries_by_income_equality,1,
74,http://en.wikipedia.org/wiki/Human_Development_Index,1,
75,http://en.wikipedia.org/wiki/List_of_countries_by_Human_Development_Index,1,
76,http://en.wikipedia.org/wiki/Indian_rupee,1,
77,http://en.wikipedia.org/wiki/ISO_4217,1,
78,http://en.wikipedia.org/wiki/Indian_Standard_Time,1,
79,http://en.wikipedia.org/wiki/Coordinated_Universal_Time,1,
80,http://en.wikipedia.org/wiki/Daylight_saving_time,1,
81,http://en.wikipedia.org/wiki/Coordinated_Universal_Time,1,
82,http://en.wikipedia.org/wiki/Telephone_numbers_in_India,1,
83,http://en.wikipedia.org/wiki/Telephone_numbers_in_India,1,
84,http://en.wikipedia.org/wiki/ISO_3166,1,
85,http://en.wikipedia.org/wiki/ISO_3166-2:IN,0,
86,http://en.wikipedia.org/wiki/Country_code_top-level_domain,1,
87,http://en.wikipedia.org/wiki/.in,24,
88,http://en.wikipedia.org/wiki/South_Asia,5,
89,http://en.wikipedia.org/wiki/List_of_countries_and_outlying_territories_by_total_area,0,
90,http://en.wikipedia.org/wiki/List_of_countries_by_population,1,
91,http://en.wikipedia.org/wiki/Demographics_of_India,1,
92,http://en.wikipedia.org/wiki/Democracy,1,
93,http://en.wikipedia.org/wiki/Indian_Ocean,1,
94,http://en.wikipedia.org/wiki/Arabian_Sea,1,
95,http://en.wikipedia.org/wiki/Bay_of_Bengal,1,
96,http://en.wikipedia.org/wiki/Pakistan,1,
97,http://en.wikipedia.org/wiki/China,1,
98,http://en.wikipedia.org/wiki/Nepal,2,
99,http://en.wikipedia.org/wiki/Bhutan,1,
100,http://en.wikipedia.org/wiki/Burma,1,
101,http://en.wikipedia.org/wiki/Bangladesh,2,
102,http://en.wikipedia.org/wiki/Sri_Lanka,1,
103,http://en.wikipedia.org/wiki/Maldives,1,
104,http://en.wikipedia.org/wiki/Andaman_and_Nicobar_Islands,1,
105,http://en.wikipedia.org/wiki/Thailand,1,
106,http://en.wikipedia.org/wiki/Indonesia,1,
107,http://en.wikipedia.org/wiki/Indus_Valley_Civilisation,0,
108,http://en.wikipedia.org/wiki/Indian_subcontinent,1,
109,http://en.wikipedia.org/wiki/Hinduism_in_India,1,
110,http://en.wikipedia.org/wiki/History_of_Buddhism_in_India,1,
111,http://en.wikipedia.org/wiki/Statistics_of_Jainism,0,
112,http://en.wikipedia.org/wiki/Sikhism_in_India,1,
113,http://en.wikipedia.org/wiki/Judaism,1,
114,http://en.wikipedia.org/wiki/Parsi,1,
115,http://en.wikipedia.org/wiki/Christianity_in_India,1,
116,http://en.wikipedia.org/wiki/Islam_in_India,1,
117,http://en.wikipedia.org/wiki/Common_Era,1,
118,http://en.wikipedia.org/wiki/Culture_of_India,1,
119,http://en.wikipedia.org/wiki/Company_rule_in_India,1,
120,http://en.wikipedia.org/wiki/British_Raj,1,
121,http://en.wikipedia.org/wiki/Indian_independence_movement,1,
122,http://en.wikipedia.org/wiki/Non-violent_resistance,0,
123,http://en.wikipedia.org/wiki/Mohandas_Karamchand_Gandhi,0,
124,http://en.wikipedia.org/wiki/Economy_of_India,2,
125,http://en.wikipedia.org/wiki/Economic_liberalisation_in_India,1,
126,http://en.wikipedia.org/wiki/Newly_industrialised_country,0,
127,http://en.wikipedia.org/wiki/Poverty_in_India,1,
128,http://en.wikipedia.org/wiki/Corruption_in_India,1,
129,http://en.wikipedia.org/wiki/Malnutrition_in_India,1,
130,http://en.wikipedia.org/wiki/Healthcare_in_India,0,
131,http://en.wikipedia.org/wiki/Terrorism_in_India,1,
132,http://en.wikipedia.org/wiki/Nuclear_weapons_state,0,
133,http://en.wikipedia.org/wiki/List_of_countries_by_number_of_troops,0,
134,http://en.wikipedia.org/wiki/List_of_countries_by_military_expenditures,1,
135,http://en.wikipedia.org/wiki/Federalism,1,
136,http://en.wikipedia.org/wiki/Constitutional_republic,0,
137,http://en.wikipedia.org/wiki/Parliamentary_system,1,
138,http://en.wikipedia.org/wiki/States_and_territories_of_India,0,
139,http://en.wikipedia.org/wiki/Languages_of_India,1,
140,http://en.wikipedia.org/wiki/Wildlife_of_India,1,
141,http://en.wikipedia.org/wiki/Protected_areas_of_India,1,
142,http://en.wikipedia.org/wiki/Names_of_India,1,
143,http://en.wikipedia.org/wiki/Old_Persian_language,0,
144,http://en.wikipedia.org/wiki/Hindus,2,
145,http://en.wikipedia.org/wiki/Sanskrit,4,
146,http://en.wikipedia.org/wiki/Indus_River,1,
147,http://en.wikipedia.org/wiki/Ancient_Greece,1,
148,http://en.wikipedia.org/wiki/Constitution_of_India,1,
149,http://en.wikipedia.org/wiki/Names_of_the_Republic_of_India_in_its_official_languages,1,
150,http://en.wikipedia.org/wiki/Eponym,1,
151,http://en.wikipedia.org/wiki/Hindustan,2,
152,http://en.wikipedia.org/wiki/Persian_language,1,
153,http://en.wikipedia.org/wiki/History_of_India,1,
154,http://en.wikipedia.org/wiki/History_of_the_Republic_of_India,1,
155,http://en.wikipedia.org/wiki/Anatomically_modern_humans,1,
156,http://en.wikipedia.org/wiki/Mesolithic,1,
157,http://en.wikipedia.org/wiki/Bhimbetka_rock_shelters,1,
158,http://en.wikipedia.org/wiki/Madhya_Pradesh,1,
159,http://en.wikipedia.org/wiki/Neolithic,1,
160,http://en.wikipedia.org/wiki/Mehrgarh,1,
161,http://en.wikipedia.org/wiki/Indus_Valley_Civilization,2,
162,http://en.wikipedia.org/wiki/Mohenjo-daro,1,
163,http://en.wikipedia.org/wiki/Harappa,1,
164,http://en.wikipedia.org/wiki/Dholavira,1,
165,http://en.wikipedia.org/wiki/Kalibangan,1,
166,http://en.wikipedia.org/wiki/Chalcolithic,1,
167,http://en.wikipedia.org/wiki/Iron_Age,1,
168,http://en.wikipedia.org/wiki/Vedas,1,
169,http://en.wikipedia.org/wiki/Vedic_period,1,
170,http://en.wikipedia.org/wiki/Punjab_region,1,
171,http://en.wikipedia.org/wiki/Indo-Gangetic_Plain,0,
172,http://en.wikipedia.org/wiki/Indo-Aryan_migration,1,
173,http://en.wikipedia.org/wiki/Caste_system,1,
174,http://en.wikipedia.org/wiki/Deccan_Plateau,1,
175,http://en.wikipedia.org/wiki/Megalith,1,
176,http://en.wikipedia.org/wiki/Ajanta_Caves,1,
177,http://en.wikipedia.org/wiki/Aurangabad,1,
178,http://en.wikipedia.org/wiki/Vedic_period,1,
179,http://en.wikipedia.org/wiki/Ganges,2,
180,http://en.wikipedia.org/wiki/Mahajanapada,1,
181,http://en.wikipedia.org/wiki/Gautama_Buddha,1,
182,http://en.wikipedia.org/wiki/Mahavira,1,
183,http://en.wikipedia.org/wiki/Nekkhamma,1,
184,http://en.wikipedia.org/wiki/Magadha,1,
185,http://en.wikipedia.org/wiki/Maurya_Empire,1,
186,http://en.wikipedia.org/wiki/Ashoka,1,
187,http://en.wikipedia.org/wiki/Sangam_literature,1,
188,http://en.wikipedia.org/wiki/Tamil_language,1,
189,http://en.wikipedia.org/wiki/Chera_Dynasty,0,
190,http://en.wikipedia.org/wiki/Chola_dynasty,1,
191,http://en.wikipedia.org/wiki/Pandyan_Dynasty,1,
192,http://en.wikipedia.org/wiki/Roman_Empire,1,
193,http://en.wikipedia.org/wiki/Western_Asia,1,
194,http://en.wikipedia.org/wiki/Southeast_Asia,1,
195,http://en.wikipedia.org/wiki/Gupta_Empire,1,
196,http://en.wikipedia.org/wiki/Sculpture_in_the_Indian_subcontinent,1,
197,http://en.wikipedia.org/wiki/Architecture_of_India,1,
198,http://en.wikipedia.org/wiki/Sanskrit_literature#Classical_Sanskrit_literature,0,
199,http://en.wikipedia.org/wiki/History_of_science_and_technology_in_the_Indian_subcontinent,1,
200,http://en.wikipedia.org/wiki/Indian_astronomy,1,
201,http://en.wikipedia.org/wiki/Ayurveda,1,
202,http://en.wikipedia.org/wiki/Indian_mathematics,1,
203,http://en.wikipedia.org/wiki/Gopuram,1,
204,http://en.wikipedia.org/wiki/Brihadeeswarar_Temple,1,
205,http://en.wikipedia.org/wiki/Thanjavur,1,
206,http://en.wikipedia.org/wiki/Raja_Raja_Chola_I,1,
207,http://en.wikipedia.org/wiki/Harsha,1,
208,http://en.wikipedia.org/wiki/Kannauj,1,
209,http://en.wikipedia.org/wiki/Chalukya_dynasty,1,
210,http://en.wikipedia.org/wiki/Pala_Empire,1,
211,http://en.wikipedia.org/wiki/Bengal,5,
212,http://en.wikipedia.org/wiki/Pallava,1,
213,http://en.wikipedia.org/wiki/Bhakti,2,
214,http://en.wikipedia.org/wiki/Languages_of_India,1,
215,http://en.wikipedia.org/wiki/Maharaja,1,
216,http://en.wikipedia.org/wiki/Samanta,1,
217,http://en.wikipedia.org/wiki/Myanmar,0,
218,http://en.wikipedia.org/wiki/Thailand,1,
219,http://en.wikipedia.org/wiki/Laos,1,
220,http://en.wikipedia.org/wiki/Cambodia,1,
221,http://en.wikipedia.org/wiki/Vietnam,1,
222,http://en.wikipedia.org/wiki/Philippines,1,
223,http://en.wikipedia.org/wiki/Malaysia,1,
224,http://en.wikipedia.org/wiki/Java,1,
225,http://en.wikipedia.org/wiki/Delhi_Sultanate,1,
226,http://en.wikipedia.org/wiki/Mongol_Empire,1,
227,http://en.wikipedia.org/wiki/Vijayanagara_Empire,1,
228,http://en.wikipedia.org/wiki/Shaivism,1,
229,http://en.wikipedia.org/wiki/Mughal_Empire,1,
230,http://en.wikipedia.org/wiki/Akbar,1,
231,http://en.wikipedia.org/wiki/Mughal_painting,1,
232,http://en.wikipedia.org/wiki/Mughal_architecture,1,
233,http://en.wikipedia.org/wiki/Maratha_Empire,1,
234,http://en.wikipedia.org/wiki/Rajputs,0,
235,http://en.wikipedia.org/wiki/Sikh_empire,0,
236,http://en.wikipedia.org/wiki/East_India_Company,1,
237,http://en.wikipedia.org/wiki/Bengal,5,
238,http://en.wikipedia.org/wiki/The_Imperial_Gazetteer_of_India,1,
239,http://en.wikipedia.org/wiki/Princely_state,1,
240,http://en.wikipedia.org/wiki/Suzerainty,1,
241,http://en.wikipedia.org/wiki/James_Broun-Ramsay,1,
242,http://en.wikipedia.org/wiki/Company_rule_in_India,1,
243,http://en.wikipedia.org/wiki/English_Education_Act_1835,1,
244,http://en.wikipedia.org/wiki/Indian_Rebellion_of_1857,1,
245,http://en.wikipedia.org/wiki/British_Raj,1,
246,http://en.wikipedia.org/wiki/Indian_National_Congress,1,
247,http://en.wikipedia.org/wiki/Jawaharlal_Nehru,1,
248,http://en.wikipedia.org/wiki/Mahatma_Gandhi,2,
249,http://en.wikipedia.org/wiki/Famine_in_India,1,
250,http://en.wikipedia.org/wiki/Indian_Army_during_World_War_I,1,
251,http://en.wikipedia.org/wiki/Mohandas_Karamchand_Gandhi,0,
252,http://en.wikipedia.org/wiki/India_in_World_War_II,1,
253,http://en.wikipedia.org/wiki/Partition_of_India,1,
254,http://en.wikipedia.org/wiki/Religious_violence_in_India,1,
255,http://en.wikipedia.org/wiki/Caste-related_violence_in_India,1,
256,http://en.wikipedia.org/wiki/Naxalite,1,
257,http://en.wikipedia.org/wiki/Insurgency_in_Jammu_and_Kashmir,1,
258,http://en.wikipedia.org/wiki/Insurgency_in_Northeast_India,1,
259,http://en.wikipedia.org/wiki/Indo-Pakistani_wars_and_conflicts,1,
260,http://en.wikipedia.org/wiki/Geography_of_India,1,
261,http://en.wikipedia.org/wiki/Geology_of_India,1,
262,http://en.wikipedia.org/wiki/Indian_Plate,1,
263,http://en.wikipedia.org/wiki/Indo-Australian_Plate,1,
264,http://en.wikipedia.org/wiki/Gondwana,1,
265,http://en.wikipedia.org/wiki/Plate_tectonics,1,
266,http://en.wikipedia.org/wiki/Seafloor_spreading,1,
267,http://en.wikipedia.org/wiki/Tethys_Ocean,1,
268,http://en.wikipedia.org/wiki/Oceanic_crust,1,
269,http://en.wikipedia.org/wiki/Subduction,1,
270,http://en.wikipedia.org/wiki/Eurasian_plate,0,
271,http://en.wikipedia.org/wiki/Indian_Ocean,1,
272,http://en.wikipedia.org/wiki/Continental_crust,1,
273,http://en.wikipedia.org/wiki/Himalayas,1,
274,http://en.wikipedia.org/wiki/Indo-Gangetic_Plain,0,
275,http://en.wikipedia.org/wiki/Aravalli_Range,1,
276,http://en.wikipedia.org/wiki/Thar_Desert,1,
277,http://en.wikipedia.org/wiki/South_India,1,
278,http://en.wikipedia.org/wiki/Satpura_Range,1,
279,http://en.wikipedia.org/wiki/Vindhya_Range,1,
280,http://en.wikipedia.org/wiki/Chota_Nagpur_Plateau,1,
281,http://en.wikipedia.org/wiki/Deccan_Plateau,1,
282,http://en.wikipedia.org/wiki/Western_Ghats,1,
283,http://en.wikipedia.org/wiki/Eastern_Ghats,1,
284,http://en.wikipedia.org/wiki/Kedarnath_Temple,1,
285,http://en.wikipedia.org/wiki/Uttarakhand,1,
286,http://en.wikipedia.org/wiki/Jyotirlinga,1,
287,http://en.wikipedia.org/wiki/Mudflat,1,
288,http://en.wikipedia.org/wiki/Ganges,2,
289,http://en.wikipedia.org/wiki/Brahmaputra_River,1,
290,http://en.wikipedia.org/wiki/Bay_of_Bengal,1,
291,http://en.wikipedia.org/wiki/Yamuna,1,
292,http://en.wikipedia.org/wiki/Kosi_River,1,
293,http://en.wikipedia.org/wiki/Godavari_River,1,
294,http://en.wikipedia.org/wiki/Mahanadi_River,0,
295,http://en.wikipedia.org/wiki/Kaveri_River,0,
296,http://en.wikipedia.org/wiki/Krishna_River,1,
297,http://en.wikipedia.org/wiki/Narmada_River,1,
298,http://en.wikipedia.org/wiki/Tapti_River,1,
299,http://en.wikipedia.org/wiki/Arabian_Sea,1,
300,http://en.wikipedia.org/wiki/Rann_of_Kutch,1,
301,http://en.wikipedia.org/wiki/Sundarbans,1,
302,http://en.wikipedia.org/wiki/Lakshadweep,1,
303,http://en.wikipedia.org/wiki/Andaman_Sea,1,
304,http://en.wikipedia.org/wiki/Climate_of_India,1,
305,http://en.wikipedia.org/wiki/Monsoon,1,
306,http://en.wikipedia.org/wiki/Katabatic_wind,1,
307,http://en.wikipedia.org/wiki/Climate_of_India#Tropical_wet,0,
308,http://en.wikipedia.org/wiki/Climate_of_India#Tropical_dry,0,
309,http://en.wikipedia.org/wiki/Climate_of_India#Subtropical_humid,0,
310,http://en.wikipedia.org/wiki/Climate_of_India#Montane,0,
311,http://en.wikipedia.org/wiki/Environmental_issues_in_India,2,
312,http://en.wikipedia.org/wiki/Environmental_degradation,1,
313,http://en.wikipedia.org/wiki/Biodiversity,2,
314,http://en.wikipedia.org/wiki/Resilience,1,
315,http://en.wikipedia.org/wiki/Wildlife_of_India,1,
316,http://en.wikipedia.org/wiki/Shola,1,
317,http://en.wikipedia.org/wiki/Kudremukh,1,
318,http://en.wikipedia.org/wiki/Chikmagalur,1,
319,http://en.wikipedia.org/wiki/Indomalaya_ecozone,1,
320,http://en.wikipedia.org/wiki/Biodiversity_hotspot,1,
321,http://en.wikipedia.org/wiki/Megadiverse_countries,1,
322,http://en.wikipedia.org/wiki/Endemism,1,
323,http://en.wikipedia.org/wiki/List_of_ecoregions_in_India,1,
324,http://en.wikipedia.org/wiki/Shola,1,
325,http://en.wikipedia.org/wiki/South_Western_Ghats_montane_rain_forests,1,
326,http://en.wikipedia.org/wiki/Tropical_and_subtropical_moist_broadleaf_forests,1,
327,http://en.wikipedia.org/wiki/Andaman_Islands,1,
328,http://en.wikipedia.org/wiki/Western_Ghats,1,
329,http://en.wikipedia.org/wiki/Northeast_India,1,
330,http://en.wikipedia.org/wiki/Temperate_coniferous_forest,1,
331,http://en.wikipedia.org/wiki/Shorea_robusta,1,
332,http://en.wikipedia.org/wiki/Teak,1,
333,http://en.wikipedia.org/wiki/Acacia_nilotica,0,
334,http://en.wikipedia.org/wiki/Deserts_and_xeric_shrublands,1,
335,http://en.wikipedia.org/wiki/Neem,0,
336,http://en.wikipedia.org/wiki/Sacred_fig,0,
337,http://en.wikipedia.org/wiki/Mohenjo-daro,1,
338,http://en.wikipedia.org/wiki/Taxon,1,
339,http://en.wikipedia.org/wiki/Indian_plate,0,
340,http://en.wikipedia.org/wiki/Before_Present,1,
341,http://en.wikipedia.org/wiki/Indian_Plate,1,
342,http://en.wikipedia.org/wiki/Plate_tectonics,1,
343,http://en.wikipedia.org/wiki/Laurasia,1,
344,http://en.wikipedia.org/wiki/Deccan_Traps,1,
345,http://en.wikipedia.org/wiki/Zoogeography,1,
346,http://en.wikipedia.org/wiki/Nilgiri_Langur,0,
347,http://en.wikipedia.org/wiki/Bufo_beddomii,1,
348,http://en.wikipedia.org/wiki/World_Conservation_Union,0,
349,http://en.wikipedia.org/wiki/List_of_endangered_animals_in_India,1,
350,http://en.wikipedia.org/wiki/Asiatic_lion,1,
351,http://en.wikipedia.org/wiki/Bengal_tiger,1,
352,http://en.wikipedia.org/wiki/Indian_White-rumped_Vulture,0,
353,http://en.wikipedia.org/wiki/Diclofenac,1,
354,http://en.wikipedia.org/wiki/National_parks_of_India,0,
355,http://en.wikipedia.org/wiki/Protected_areas_of_India,1,
356,http://en.wikipedia.org/wiki/Wildlife_Protection_Act_of_1972,0,
357,http://en.wikipedia.org/wiki/Project_Tiger,1,
358,http://en.wikipedia.org/wiki/Wildlife_sanctuaries_of_India,1,
359,http://en.wikipedia.org/wiki/Biosphere_reserves_of_India,1,
360,http://en.wikipedia.org/wiki/World_Network_of_Biosphere_Reserves,1,
361,http://en.wikipedia.org/wiki/List_of_Ramsar_Sites_in_India,0,
362,http://en.wikipedia.org/wiki/Ramsar_Convention,1,
363,http://en.wikipedia.org/wiki/Biological_Diversity_Act,1,
364,http://en.wikipedia.org/wiki/Ahmednagar,1,
365,http://en.wikipedia.org/wiki/Maharashtra,1,
366,http://en.wikipedia.org/wiki/Pimpri_Gawali,1,
367,http://en.wikipedia.org/wiki/Politics_of_India,1,
368,http://en.wikipedia.org/wiki/Parliament_of_India#Building,0,
369,http://en.wikipedia.org/wiki/Parliamentary_republic,1,
370,http://en.wikipedia.org/wiki/Multi-party_system,1,
371,http://en.wikipedia.org/wiki/Election_Commission_of_India,1,
372,http://en.wikipedia.org/wiki/List_of_recognised_political_parties_in_India#National,0,
373,http://en.wikipedia.org/wiki/Indian_National_Congress,1,
374,http://en.wikipedia.org/wiki/Bharatiya_Janata_Party,1,
375,http://en.wikipedia.org/wiki/List_of_recognised_political_parties_in_India#State,0,
376,http://en.wikipedia.org/wiki/Political_culture,1,
377,http://en.wikipedia.org/wiki/Coalition_government,1,
378,http://en.wikipedia.org/wiki/Jawaharlal_Nehru,1,
379,http://en.wikipedia.org/wiki/Lal_Bahadur_Shastri,1,
380,http://en.wikipedia.org/wiki/Indira_Gandhi,1,
381,http://en.wikipedia.org/wiki/Janata_Party,1,
382,http://en.wikipedia.org/wiki/Rajiv_Gandhi,2,
383,http://en.wikipedia.org/wiki/Janata_Dal,1,
384,http://en.wikipedia.org/wiki/Minority_government,1,
385,http://en.wikipedia.org/wiki/P._V._Narasimha_Rao,1,
386,http://en.wikipedia.org/wiki/Atal_Bihari_Vajpayee,1,
387,http://en.wikipedia.org/wiki/Coalition_government,1,
388,http://en.wikipedia.org/wiki/Indian_general_election,4,
389,http://en.wikipedia.org/wiki/United_Progressive_Alliance,1,
390,http://en.wikipedia.org/wiki/Indian_general_election,4,
391,http://en.wikipedia.org/wiki/Socialism_in_India,1,
392,http://en.wikipedia.org/wiki/Manmohan_Singh,1,
393,http://en.wikipedia.org/wiki/Jawaharlal_Nehru,1,
394,http://en.wikipedia.org/wiki/Indian_general_election,4,
395,http://en.wikipedia.org/wiki/Indian_general_election,4,
396,http://en.wikipedia.org/wiki/Government_of_India,1,
397,http://en.wikipedia.org/wiki/Elections_in_India,1,
398,http://en.wikipedia.org/wiki/Rashtrapati_Bhavan,1,
399,http://en.wikipedia.org/wiki/Federation,1,
400,http://en.wikipedia.org/wiki/Parliamentary_system,1,
401,http://en.wikipedia.org/wiki/Constitution_of_India,1,
402,http://en.wikipedia.org/wiki/Representative_democracy,0,
403,http://en.wikipedia.org/wiki/Majority_rule,1,
404,http://en.wikipedia.org/wiki/Minority_rights,1,
405,http://en.wikipedia.org/wiki/Law_of_India,1,
406,http://en.wikipedia.org/wiki/Federalism#India,0,
407,http://en.wikipedia.org/wiki/States_and_territories_of_India,0,
408,http://en.wikipedia.org/wiki/Separation_of_powers,1,
409,http://en.wikipedia.org/wiki/Preamble_to_the_Constitution_of_India,1,
410,http://en.wikipedia.org/wiki/Sovereignty,1,
411,http://en.wikipedia.org/wiki/Socialism,2,
412,http://en.wikipedia.org/wiki/Secularism,2,
413,http://en.wikipedia.org/wiki/Liberal_democracy,1,
414,http://en.wikipedia.org/wiki/Republic,2,
415,http://en.wikipedia.org/wiki/National_symbols_of_India,1,
416,http://en.wikipedia.org/wiki/Flag_of_India,1,
417,http://en.wikipedia.org/wiki/Emblem_of_India,1,
418,http://en.wikipedia.org/wiki/Jana_Gana_Mana,1,
419,http://en.wikipedia.org/wiki/Vande_Mataram,1,
420,http://en.wikipedia.org/wiki/Indian_Rupee,0,
421,http://en.wikipedia.org/wiki/Indian_national_calendar,1,
422,http://en.wikipedia.org/wiki/Nelumbo_nucifera,1,
423,http://en.wikipedia.org/wiki/Mango,1,
424,http://en.wikipedia.org/wiki/Ficus_benghalensis,1,
425,http://en.wikipedia.org/wiki/Indian_Peafowl,0,
426,http://en.wikipedia.org/wiki/Tiger,1,
427,http://en.wikipedia.org/wiki/South_Asian_River_Dolphin,0,
428,http://en.wikipedia.org/wiki/Ganga,0,
429,http://en.wikipedia.org/wiki/Ganges,2,
430,http://en.wikipedia.org/wiki/President_of_India,1,
431,http://en.wikipedia.org/wiki/Electoral_college,1,
432,http://en.wikipedia.org/wiki/Prime_Minister_of_India,1,
433,http://en.wikipedia.org/wiki/Head_of_government,1,
434,http://en.wikipedia.org/wiki/Political_party,1,
435,http://en.wikipedia.org/wiki/Council_of_Ministers_of_Republic_of_India,0,
436,http://en.wikipedia.org/wiki/Legislature,1,
437,http://en.wikipedia.org/wiki/Bicameralism,1,
438,http://en.wikipedia.org/wiki/Parliament_of_India,1,
439,http://en.wikipedia.org/wiki/Westminster_system,1,
440,http://en.wikipedia.org/wiki/Rajya_Sabha,1,
441,http://en.wikipedia.org/wiki/Lok_Sabha,1,
442,http://en.wikipedia.org/wiki/States_and_territories_of_India,0,
443,http://en.wikipedia.org/wiki/Constituency,0,
444,http://en.wikipedia.org/wiki/Anglo-Indian,1,
445,http://en.wikipedia.org/wiki/Judiciary,1,
446,http://en.wikipedia.org/wiki/Independent_judiciary,0,
447,http://en.wikipedia.org/wiki/Supreme_Court_of_India,1,
448,http://en.wikipedia.org/wiki/Chief_Justice_of_India,1,
449,http://en.wikipedia.org/wiki/High_Courts_of_India,0,
450,http://en.wikipedia.org/wiki/Original_jurisdiction,1,
451,http://en.wikipedia.org/wiki/Fundamental_Rights_in_India,0,
452,http://en.wikipedia.org/wiki/Appellate_jurisdiction,1,
453,http://en.wikipedia.org/wiki/Indian_Ocean,1,
454,http://en.wikipedia.org/wiki/Administrative_divisions_of_India,1,
455,http://en.wikipedia.org/wiki/Political_integration_of_India,1,
456,http://en.wikipedia.org/wiki/Union_Territory,0,
457,http://en.wikipedia.org/wiki/Puducherry,1,
458,http://en.wikipedia.org/wiki/National_Capital_Territory_of_Delhi,0,
459,http://en.wikipedia.org/wiki/States_Reorganisation_Act,1,
460,http://en.wikipedia.org/wiki/Districts_of_India,0,
461,http://en.wikipedia.org/wiki/Tehsil,1,
462,http://en.wikipedia.org/wiki/Andhra_Pradesh,2,
463,http://en.wikipedia.org/wiki/Arunachal_Pradesh,1,
464,http://en.wikipedia.org/wiki/Assam,4,
465,http://en.wikipedia.org/wiki/Bihar,1,
466,http://en.wikipedia.org/wiki/Chhattisgarh,1,
467,http://en.wikipedia.org/wiki/Goa,1,
468,http://en.wikipedia.org/wiki/Gujarat,3,
469,http://en.wikipedia.org/wiki/Haryana,1,
470,http://en.wikipedia.org/wiki/Himachal_Pradesh,1,
471,http://en.wikipedia.org/wiki/Jammu_and_Kashmir,1,
472,http://en.wikipedia.org/wiki/Jharkhand,2,
473,http://en.wikipedia.org/wiki/Karnataka,1,
474,http://en.wikipedia.org/wiki/Kerala,1,
475,http://en.wikipedia.org/wiki/Madhya_Pradesh,1,
476,http://en.wikipedia.org/wiki/Maharashtra,1,
477,http://en.wikipedia.org/wiki/Manipur,2,
478,http://en.wikipedia.org/wiki/Meghalaya,1,
479,http://en.wikipedia.org/wiki/Mizoram,1,
480,http://en.wikipedia.org/wiki/Nagaland,1,
481,http://en.wikipedia.org/wiki/Odisha,1,
482,http://en.wikipedia.org/wiki/Rajasthan,1,
483,http://en.wikipedia.org/wiki/Sikkim,1,
484,http://en.wikipedia.org/wiki/Tamil_Nadu,1,
485,http://en.wikipedia.org/wiki/Tripura,1,
486,http://en.wikipedia.org/wiki/Uttar_Pradesh,1,
487,http://en.wikipedia.org/wiki/Uttarakhand,1,
488,http://en.wikipedia.org/wiki/West_Bengal,1,
489,http://en.wikipedia.org/wiki/Andaman_and_Nicobar_Islands,1,
490,http://en.wikipedia.org/wiki/Chandigarh,1,
491,http://en.wikipedia.org/wiki/Dadra_and_Nagar_Haveli,1,
492,http://en.wikipedia.org/wiki/Daman_and_Diu,1,
493,http://en.wikipedia.org/wiki/Lakshadweep,1,
494,http://en.wikipedia.org/wiki/Delhi,4,
495,http://en.wikipedia.org/wiki/Puducherry,1,
496,http://en.wikipedia.org/wiki/Foreign_relations_of_India,1,
497,http://en.wikipedia.org/wiki/Indian_Armed_Forces,2,
498,http://en.wikipedia.org/wiki/Manmohan_Singh,1,
499,http://en.wikipedia.org/wiki/Dmitry_Medvedev,1,
500,http://en.wikipedia.org/wiki/34th_G8_summit,1,
501,http://en.wikipedia.org/wiki/India_and_the_Non-Aligned_Movement,1,
502,http://en.wikipedia.org/wiki/Non-Aligned_Movement,1,
503,http://en.wikipedia.org/wiki/Indian_Peace_Keeping_Force,1,
504,http://en.wikipedia.org/wiki/Indo-Pakistani_relations,0,
505,http://en.wikipedia.org/wiki/Indo-Pakistani_wars_and_conflicts,1,
506,http://en.wikipedia.org/wiki/Indo-Pakistani_War_of_1947,1,
507,http://en.wikipedia.org/wiki/Indo-Pakistani_War_of_1965,1,
508,http://en.wikipedia.org/wiki/Indo-Pakistani_War_of_1971,1,
509,http://en.wikipedia.org/wiki/Kargil_War,1,
510,http://en.wikipedia.org/wiki/Kashmir_conflict,1,
511,http://en.wikipedia.org/wiki/Bangladesh_Liberation_War,1,
512,http://en.wikipedia.org/wiki/Sino-Indian_War,1,
513,http://en.wikipedia.org/wiki/India-Soviet_Union_relations,0,
514,http://en.wikipedia.org/wiki/South_Asian_Association_for_Regional_Cooperation,1,
515,http://en.wikipedia.org/wiki/World_Trade_Organisation,0,
516,http://en.wikipedia.org/wiki/Indian_Armed_Forces,2,
517,http://en.wikipedia.org/wiki/Law_enforcement_in_India,1,
518,http://en.wikipedia.org/wiki/East_Asia_Summit,1,
519,http://en.wikipedia.org/wiki/Look_East_policy,1,
520,http://en.wikipedia.org/wiki/Association_of_Southeast_Asian_Nations,1,
521,http://en.wikipedia.org/wiki/INS_Vikramaditya,1,
522,http://en.wikipedia.org/wiki/Smiling_Buddha,1,
523,http://en.wikipedia.org/wiki/Pokhran-II,1,
524,http://en.wikipedia.org/wiki/Comprehensive_Nuclear-Test-Ban_Treaty,1,
525,http://en.wikipedia.org/wiki/Nuclear_Non-Proliferation_Treaty,0,
526,http://en.wikipedia.org/wiki/No_first_use,1,
527,http://en.wikipedia.org/wiki/Nuclear_triad,1,
528,http://en.wikipedia.org/wiki/Minimum_Credible_Deterrence,0,
529,http://en.wikipedia.org/wiki/Indian_Ballistic_Missile_Defense_Program,0,
530,http://en.wikipedia.org/wiki/Sukhoi/HAL_FGFA,0,
531,http://en.wikipedia.org/wiki/Vikrant_class_aircraft_carrier,0,
532,http://en.wikipedia.org/wiki/Arihant_class_submarine,0,
533,http://en.wikipedia.org/wiki/Cold_War,1,
534,http://en.wikipedia.org/wiki/International_Atomic_Energy_Agency,1,
535,http://en.wikipedia.org/wiki/Nuclear_Suppliers_Group,1,
536,http://en.wikipedia.org/wiki/Nuclear_power_in_India,1,
537,http://en.wikipedia.org/wiki/President_of_India,1,
538,http://en.wikipedia.org/wiki/List_of_countries_by_number_of_troops,0,
539,http://en.wikipedia.org/wiki/Indian_Army,2,
540,http://en.wikipedia.org/wiki/Indian_Navy,1,
541,http://en.wikipedia.org/wiki/Indian_Air_Force,1,
542,http://en.wikipedia.org/wiki/Strategic_Forces_Command,1,
543,http://en.wikipedia.org/wiki/Paramilitary_forces_of_India,1,
544,http://en.wikipedia.org/wiki/Assam_Rifles,1,
545,http://en.wikipedia.org/wiki/Special_Frontier_Force,1,
546,http://en.wikipedia.org/wiki/Indian_Coast_Guard,1,
547,http://en.wikipedia.org/wiki/List_of_countries_by_military_expenditures,1,
548,http://en.wikipedia.org/wiki/Stockholm_International_Peace_Research_Institute,1,
549,http://en.wikipedia.org/wiki/Economy_of_India,2,
550,http://en.wikipedia.org/wiki/Economic_history_of_India,1,
551,http://en.wikipedia.org/wiki/Economic_development_in_India,1,
552,http://en.wikipedia.org/wiki/Tourism_in_India,1,
553,http://en.wikipedia.org/wiki/Transport_in_India,1,
554,http://en.wikipedia.org/wiki/International_Monetary_Fund,1,
555,http://en.wikipedia.org/wiki/Purchasing_power_parity,1,
556,http://en.wikipedia.org/wiki/List_of_countries_by_real_GDP_growth_rate,1,
557,http://en.wikipedia.org/wiki/Protectionism,1,
558,http://en.wikipedia.org/wiki/Licence_Raj,1,
559,http://en.wikipedia.org/wiki/1991_India_economic_crisis,1,
560,http://en.wikipedia.org/wiki/Economic_liberalisation_in_India,1,
561,http://en.wikipedia.org/wiki/WTO,0,
562,http://en.wikipedia.org/wiki/Labour_in_India,1,
563,http://en.wikipedia.org/wiki/List_of_countries_by_labour_force,1,
564,http://en.wikipedia.org/wiki/List_of_countries_by_imports,1,
565,http://en.wikipedia.org/wiki/List_of_countries_by_exports,1,
566,http://en.wikipedia.org/wiki/Global_Competitiveness_Report,1,
567,http://en.wikipedia.org/wiki/List_of_largest_consumer_markets,1,
568,http://en.wikipedia.org/wiki/Communications_in_India,0,
569,http://en.wikipedia.org/wiki/Feeder_ship,1,
570,http://en.wikipedia.org/wiki/West_Bengal,1,
571,http://en.wikipedia.org/wiki/International_trade,1,
572,http://en.wikipedia.org/wiki/Automotive_industry_in_India,1,
573,http://en.wikipedia.org/wiki/Renewable_energy_in_India,1,
574,http://en.wikipedia.org/wiki/Information_technology_in_India,1,
575,http://en.wikipedia.org/wiki/Pharmaceutical_industry_in_India,1,
576,http://en.wikipedia.org/wiki/Biopharmaceutical,1,
577,http://en.wikipedia.org/wiki/Income_tax,1,
578,http://en.wikipedia.org/wiki/Poverty_in_India,1,
579,http://en.wikipedia.org/wiki/Malnutrition_in_India,1,
580,http://en.wikipedia.org/wiki/Madhya_Pradesh,1,
581,http://en.wikipedia.org/wiki/Andhra_Pradesh,2,
582,http://en.wikipedia.org/wiki/Bihar,1,
583,http://en.wikipedia.org/wiki/Chhattisgarh,1,
584,http://en.wikipedia.org/wiki/Haryana,1,
585,http://en.wikipedia.org/wiki/Jharkand,0,
586,http://en.wikipedia.org/wiki/Karnataka,1,
587,http://en.wikipedia.org/wiki/Uttar_Pradesh,1,
588,http://en.wikipedia.org/wiki/List_of_states_and_union_territories_of_India_by_population,1,
589,http://en.wikipedia.org/wiki/Anaemic,0,
590,http://en.wikipedia.org/wiki/Mid-Day_Meal_Scheme,0,
591,http://en.wikipedia.org/wiki/List_of_Indian_states_by_GDP,1,
592,http://en.wikipedia.org/wiki/Net_domestic_product,1,
593,http://en.wikipedia.org/wiki/Corruption_in_India,1,
594,http://en.wikipedia.org/wiki/GDP_per_capita,0,
595,http://en.wikipedia.org/wiki/PricewaterhouseCoopers,1,
596,http://en.wikipedia.org/wiki/Transport_in_India,1,
597,http://en.wikipedia.org/wiki/Education_in_India,1,
598,http://en.wikipedia.org/wiki/Energy_policy_of_India,1,
599,http://en.wikipedia.org/wiki/Healthcare_in_India,0,
600,http://en.wikipedia.org/wiki/Inflation,1,
601,http://en.wikipedia.org/wiki/Public_finances,0,
602,http://en.wikipedia.org/wiki/Fitch_Group,0,
603,http://en.wikipedia.org/wiki/Credit_rating_agency,1,
604,http://en.wikipedia.org/wiki/Bond_credit_rating,1,
605,http://en.wikipedia.org/wiki/Demographics_of_India,1,
606,http://en.wikipedia.org/wiki/List_of_most_populous_cities_in_India,1,
607,http://en.wikipedia.org/wiki/Indian_Railways,1,
608,http://en.wikipedia.org/wiki/Indo-Gangetic_Plain,0,
609,http://en.wikipedia.org/wiki/Green_Revolution_in_India,1,
610,http://en.wikipedia.org/wiki/Pollution_in_India,0,
611,http://en.wikipedia.org/wiki/List_of_most_populous_cities_in_India,1,
612,http://en.wikipedia.org/wiki/Delhi,4,
613,http://en.wikipedia.org/wiki/Mumbai,2,
614,http://en.wikipedia.org/wiki/Kolkata,1,
615,http://en.wikipedia.org/wiki/Chennai,2,
616,http://en.wikipedia.org/wiki/Bangalore,1,
617,http://en.wikipedia.org/wiki/Hyderabad,1,
618,http://en.wikipedia.org/wiki/Ahmedabad,1,
619,http://en.wikipedia.org/wiki/Pune,1,
620,http://en.wikipedia.org/wiki/List_of_most_populous_metropolitan_areas_in_India,1,
621,http://en.wikipedia.org/wiki/Varanasi,1,
622,http://en.wikipedia.org/wiki/Languages_of_India,1,
623,http://en.wikipedia.org/wiki/Indo-Aryan_languages,1,
624,http://en.wikipedia.org/wiki/Dravidian_languages,1,
625,http://en.wikipedia.org/wiki/Austroasiatic_languages,1,
626,http://en.wikipedia.org/wiki/Tibeto-Burman_languages,1,
627,http://en.wikipedia.org/wiki/Education_in_India,1,
628,http://en.wikipedia.org/wiki/Scheduled_castes_and_scheduled_tribes,0,
629,http://en.wikipedia.org/wiki/Adivasi,1,
630,http://en.wikipedia.org/wiki/Hinduism_in_India,1,
631,http://en.wikipedia.org/wiki/Religion_in_India,1,
632,http://en.wikipedia.org/wiki/Islam_in_India,1,
633,http://en.wikipedia.org/wiki/Christianity_in_India,1,
634,http://en.wikipedia.org/wiki/Sikhism_in_India,1,
635,http://en.wikipedia.org/wiki/History_of_Buddhism_in_India,1,
636,http://en.wikipedia.org/wiki/Statistics_of_Jainism,0,
637,http://en.wikipedia.org/wiki/History_of_the_Jews_in_India,1,
638,http://en.wikipedia.org/wiki/Parsi,1,
639,http://en.wikipedia.org/wiki/List_of_countries_by_Muslim_population#List,0,
640,http://en.wikipedia.org/wiki/Culture_of_India,1,
641,http://en.wikipedia.org/wiki/Warli,1,
642,http://en.wikipedia.org/wiki/Jivya_Soma_Mashe,1,
643,http://en.wikipedia.org/wiki/Thane_district,1,
644,http://en.wikipedia.org/wiki/Vedic_period,1,
645,http://en.wikipedia.org/wiki/Hindu_philosophy,1,
646,http://en.wikipedia.org/wiki/Hindu_mythology,1,
647,http://en.wikipedia.org/wiki/Hindu_texts,1,
648,http://en.wikipedia.org/wiki/Dharma,1,
649,http://en.wikipedia.org/wiki/Karma,1,
650,http://en.wikipedia.org/wiki/Yoga,2,
651,http://en.wikipedia.org/wiki/Moksha,1,
652,http://en.wikipedia.org/wiki/Indian_religions,1,
653,http://en.wikipedia.org/wiki/Upanishads,1,
654,http://en.wikipedia.org/wiki/Yoga_Sutras_of_Patanjali,1,
655,http://en.wikipedia.org/wiki/Bhakti,2,
656,http://en.wikipedia.org/wiki/Buddhist_philosophy,1,
657,http://en.wikipedia.org/wiki/Architecture_of_India,1,
658,http://en.wikipedia.org/wiki/Taj_Mahal,1,
659,http://en.wikipedia.org/wiki/Mughal_architecture,1,
660,http://en.wikipedia.org/wiki/Dravidian_architecture,1,
661,http://en.wikipedia.org/wiki/Indian_vernacular_architecture,1,
662,http://en.wikipedia.org/wiki/Vastu_shastra,1,
663,http://en.wikipedia.org/wiki/Mamuni_Mayan,1,
664,http://en.wikipedia.org/wiki/Hindu_temple_architecture,1,
665,http://en.wikipedia.org/wiki/Shilpa_Shastras,1,
666,http://en.wikipedia.org/wiki/Agra,1,
667,http://en.wikipedia.org/wiki/Shah_Jahan,1,
668,http://en.wikipedia.org/wiki/UNESCO_World_Heritage_List,0,
669,http://en.wikipedia.org/wiki/Indo-Saracenic_Revival_architecture,1,
670,http://en.wikipedia.org/wiki/Indo-Islamic_architecture,1,
671,http://en.wikipedia.org/wiki/Sanskrit_literature,2,
672,http://en.wikipedia.org/wiki/Indian_epic_poetry,1,
673,http://en.wikipedia.org/wiki/Mahabharata,1,
674,http://en.wikipedia.org/wiki/Ramayana,1,
675,http://en.wikipedia.org/wiki/Sanskrit_Classical_poetry,0,
676,http://en.wikipedia.org/wiki/Kamasutra,0,
677,http://en.wikipedia.org/wiki/Sexual_intercourse,1,
678,http://en.wikipedia.org/wiki/Sangam_literature,1,
679,http://en.wikipedia.org/wiki/Tamil_literature,1,
680,http://en.wikipedia.org/wiki/Bhakti_movement,1,
681,http://en.wikipedia.org/wiki/Kabir,1,
682,http://en.wikipedia.org/wiki/Tulsidas,1,
683,http://en.wikipedia.org/wiki/Guru_Nanak,1,
684,http://en.wikipedia.org/wiki/Works_of_Rabindranath_Tagore,1,
685,http://en.wikipedia.org/wiki/Rabindranath_Tagore,1,
686,http://en.wikipedia.org/wiki/Rukmini_Devi_Arundale,1,
687,http://en.wikipedia.org/wiki/Bharata_Natyam,1,
688,http://en.wikipedia.org/wiki/Music_of_India,1,
689,http://en.wikipedia.org/wiki/Indian_classical_music,1,
690,http://en.wikipedia.org/wiki/Hindustani_classical_music,1,
691,http://en.wikipedia.org/wiki/Carnatic_music,1,
692,http://en.wikipedia.org/wiki/Filmi,1,
693,http://en.wikipedia.org/wiki/Indian_folk_music,1,
694,http://en.wikipedia.org/wiki/Baul,1,
695,http://en.wikipedia.org/wiki/Dance_in_India,1,
696,http://en.wikipedia.org/wiki/List_of_Indian_folk_dances,1,
697,http://en.wikipedia.org/wiki/Bihu,1,
698,http://en.wikipedia.org/wiki/Chhau_dance,1,
699,http://en.wikipedia.org/wiki/Dandiya_Raas,1,
700,http://en.wikipedia.org/wiki/Ghoomar,1,
701,http://en.wikipedia.org/wiki/Lavani,1,
702,http://en.wikipedia.org/wiki/Classical_Indian_dance,0,
703,http://en.wikipedia.org/wiki/Sangeet_Natak_Akademi,1,
704,http://en.wikipedia.org/wiki/Bharata_Natyam,1,
705,http://en.wikipedia.org/wiki/Kathak,2,
706,http://en.wikipedia.org/wiki/Kathakali,1,
707,http://en.wikipedia.org/wiki/Mohiniyattam,1,
708,http://en.wikipedia.org/wiki/Kuchipudi,1,
709,http://en.wikipedia.org/wiki/Manipuri_dance,1,
710,http://en.wikipedia.org/wiki/Odissi,1,
711,http://en.wikipedia.org/wiki/Sattriya,1,
712,http://en.wikipedia.org/wiki/Theatre_in_India,0,
713,http://en.wikipedia.org/wiki/Bhavai,1,
714,http://en.wikipedia.org/wiki/Nautanki,1,
715,http://en.wikipedia.org/wiki/Ramlila,1,
716,http://en.wikipedia.org/wiki/Tamasha,1,
717,http://en.wikipedia.org/wiki/Burrakatha,0,
718,http://en.wikipedia.org/wiki/Terukkuttu,1,
719,http://en.wikipedia.org/wiki/Yakshagana,1,
720,http://en.wikipedia.org/wiki/Cinema_of_India,1,
721,http://en.wikipedia.org/wiki/Cinema_of_Assam,0,
722,http://en.wikipedia.org/wiki/Cinema_of_Bengal,0,
723,http://en.wikipedia.org/wiki/Bollywood,1,
724,http://en.wikipedia.org/wiki/Cinema_of_Karnataka,1,
725,http://en.wikipedia.org/wiki/Malayalam_cinema,1,
726,http://en.wikipedia.org/wiki/Cinema_of_Punjab,1,
727,http://en.wikipedia.org/wiki/Gujarati_cinema,1,
728,http://en.wikipedia.org/wiki/Marathi_cinema,1,
729,http://en.wikipedia.org/wiki/Cinema_of_Odisha,1,
730,http://en.wikipedia.org/wiki/Tamil_cinema,1,
731,http://en.wikipedia.org/wiki/Cinema_of_Andhra_Pradesh,0,
732,http://en.wikipedia.org/wiki/Doordarshan,1,
733,http://en.wikipedia.org/wiki/Harmandir_Sahib,1,
734,http://en.wikipedia.org/wiki/Amritsar,1,
735,http://en.wikipedia.org/wiki/Caste_system_in_India,1,
736,http://en.wikipedia.org/wiki/Arranged_marriage_in_the_Indian_subcontinent,1,
737,http://en.wikipedia.org/wiki/Child_marriage,1,
738,http://en.wikipedia.org/wiki/Women_in_India,1,
739,http://en.wikipedia.org/wiki/Female_infanticide_in_India,1,
740,http://en.wikipedia.org/wiki/Female_foeticide_in_India,1,
741,http://en.wikipedia.org/wiki/Dowry_system_in_India,1,
742,http://en.wikipedia.org/wiki/Dowry_law_in_India,1,
743,http://en.wikipedia.org/wiki/Dowry_deaths,0,
744,http://en.wikipedia.org/wiki/Bride_burning,1,
745,http://en.wikipedia.org/wiki/Public_holidays_in_India,1,
746,http://en.wikipedia.org/wiki/Chhath,1,
747,http://en.wikipedia.org/wiki/Christmas_worldwide#Republic_of_India,0,
748,http://en.wikipedia.org/wiki/Diwali,1,
749,http://en.wikipedia.org/wiki/Durga_Puja,1,
750,http://en.wikipedia.org/wiki/Eid_al-Adha,1,
751,http://en.wikipedia.org/wiki/Eid_ul-Fitr,0,
752,http://en.wikipedia.org/wiki/Ganesh_Chaturthi,1,
753,http://en.wikipedia.org/wiki/Holi,1,
754,http://en.wikipedia.org/wiki/Makar_Sankranti,1,
755,http://en.wikipedia.org/wiki/Navratri,1,
756,http://en.wikipedia.org/wiki/Thai_Pongal,1,
757,http://en.wikipedia.org/wiki/Vaisakhi,1,
758,http://en.wikipedia.org/wiki/Public_holidays_in_India,1,
759,http://en.wikipedia.org/wiki/Gandhi_Jayanti,1,
760,http://en.wikipedia.org/wiki/Samskara,1,
761,http://en.wikipedia.org/wiki/Clothing_in_India,1,
762,http://en.wikipedia.org/wiki/History_of_cotton,1,
763,http://en.wikipedia.org/wiki/Clothing_in_India,1,
764,http://en.wikipedia.org/wiki/Sari,1,
765,http://en.wikipedia.org/wiki/Dhoti,1,
766,http://en.wikipedia.org/wiki/Lungi,1,
767,http://en.wikipedia.org/wiki/Shalwar_kameez,1,
768,http://en.wikipedia.org/wiki/Kurta,1,
769,http://en.wikipedia.org/wiki/Pajamas,1,
770,http://en.wikipedia.org/wiki/Sport_in_India,1,
771,http://en.wikipedia.org/wiki/Vishwanathan_Anand,0,
772,http://en.wikipedia.org/wiki/Kabaddi,1,
773,http://en.wikipedia.org/wiki/Kho_kho,1,
774,http://en.wikipedia.org/wiki/Pehlwani,1,
775,http://en.wikipedia.org/wiki/Gilli-danda,1,
776,http://en.wikipedia.org/wiki/Indian_martial_arts,1,
777,http://en.wikipedia.org/wiki/Kalarippayattu,0,
778,http://en.wikipedia.org/wiki/Musti_yuddha,0,
779,http://en.wikipedia.org/wiki/Silambam,1,
780,http://en.wikipedia.org/wiki/Marma_adi,0,
781,http://en.wikipedia.org/wiki/Chess,1,
782,http://en.wikipedia.org/wiki/History_of_chess#India,0,
783,http://en.wikipedia.org/wiki/Chaturanga,1,
784,http://en.wikipedia.org/wiki/Pachisi,1,
785,http://en.wikipedia.org/wiki/Parcheesi,1,
786,http://en.wikipedia.org/wiki/India_Davis_Cup_team,1,
787,http://en.wikipedia.org/wiki/ISSF_World_Shooting_Championships,1,
788,http://en.wikipedia.org/wiki/Football_in_India,1,
789,http://en.wikipedia.org/wiki/Field_hockey_in_India,1,
790,http://en.wikipedia.org/wiki/Hockey_India,1,
791,http://en.wikipedia.org/wiki/Hockey_World_Cup,1,
792,http://en.wikipedia.org/wiki/Cricket,3,
793,http://en.wikipedia.org/wiki/India_national_cricket_team,1,
794,http://en.wikipedia.org/wiki/1983_Cricket_World_Cup,1,
795,http://en.wikipedia.org/wiki/2011_Cricket_World_Cup,1,
796,http://en.wikipedia.org/wiki/2007_ICC_World_Twenty20,1,
797,http://en.wikipedia.org/wiki/2002_ICC_Champions_Trophy,1,
798,http://en.wikipedia.org/wiki/2013_ICC_Champions_Trophy,1,
799,http://en.wikipedia.org/wiki/Cricket_in_India,1,
800,http://en.wikipedia.org/wiki/Board_of_Control_for_Cricket_in_India,1,
801,http://en.wikipedia.org/wiki/Ranji_Trophy,1,
802,http://en.wikipedia.org/wiki/Duleep_Trophy,1,
803,http://en.wikipedia.org/wiki/Deodhar_Trophy,1,
804,http://en.wikipedia.org/wiki/Irani_Trophy,1,
805,http://en.wikipedia.org/wiki/NKP_Salve_Challenger_Trophy,1,
806,http://en.wikipedia.org/wiki/Twenty20,1,
807,http://en.wikipedia.org/wiki/Indian_Premier_League,1,
808,http://en.wikipedia.org/wiki/1951_Asian_Games,1,
809,http://en.wikipedia.org/wiki/1982_Asian_Games,1,
810,http://en.wikipedia.org/wiki/1987_Cricket_World_Cup,1,
811,http://en.wikipedia.org/wiki/1996_Cricket_World_Cup,1,
812,http://en.wikipedia.org/wiki/2011_Cricket_World_Cup,1,
813,http://en.wikipedia.org/wiki/Cricket_World_Cup,1,
814,http://en.wikipedia.org/wiki/2003_Afro-Asian_Games,1,
815,http://en.wikipedia.org/wiki/2006_ICC_Champions_Trophy,1,
816,http://en.wikipedia.org/wiki/2010_Commonwealth_Games,1,
817,http://en.wikipedia.org/wiki/Chennai_Open,1,
818,http://en.wikipedia.org/wiki/Mumbai_Marathon,1,
819,http://en.wikipedia.org/wiki/Delhi_Half_Marathon,1,
820,http://en.wikipedia.org/wiki/Indian_Masters,1,
821,http://en.wikipedia.org/wiki/Indian_Grand_Prix,1,
822,http://en.wikipedia.org/wiki/South_Asian_Games,1,
823,http://en.wikipedia.org/wiki/Basketball_at_the_South_Asian_Games,1,
824,http://en.wikipedia.org/wiki/India_national_basketball_team,1,
825,http://en.wikipedia.org/wiki/Rajiv_Gandhi_Khel_Ratna,1,
826,http://en.wikipedia.org/wiki/Arjuna_Award,1,
827,http://en.wikipedia.org/wiki/Dronacharya_Award,1,
828,http://en.wikipedia.org/wiki/Outline_of_India,1,
829,http://en.wikipedia.org/wiki/Names_of_the_Republic_of_India_in_its_official_languages,1,
830,http://en.wikipedia.org/wiki/Government_of_India,1,
831,http://en.wikipedia.org/wiki/Kashmir,3,
832,http://en.wikipedia.org/wiki/Kashmir_conflict,1,
833,http://en.wikipedia.org/wiki/Siachen_Glacier,1,
834,http://en.wikipedia.org/wiki/Jammu_and_Kashmir,1,
835,http://en.wikipedia.org/wiki/International_Monetary_Fund,1,
836,http://en.wikipedia.org/wiki/International_Standard_Book_Number,1,
837,http://en.wikipedia.org/wiki/The_World_Factbook,1,
838,http://en.wikipedia.org/wiki/Central_Intelligence_Agency,1,
839,http://en.wikipedia.org/wiki/Library_of_Congress_Country_Studies,1,
840,http://en.wikipedia.org/wiki/Library_of_Congress,2,
841,http://en.wikipedia.org/wiki/Federal_Research_Division,1,
842,http://en.wikipedia.org/wiki/Library_of_Congress,2,
843,http://en.wikipedia.org/wiki/International_Standard_Book_Number,1,
844,http://en.wikipedia.org/wiki/International_Monetary_Fund,1,
845,http://en.wikipedia.org/wiki/National_Informatics_Centre,1,
846,http://en.wikipedia.org/wiki/The_Times_Of_India,0,
847,http://en.wikipedia.org/wiki/United_Nations,2,
848,http://en.wikipedia.org/wiki/Eisenbrauns,1,
849,http://en.wikipedia.org/wiki/International_Standard_Book_Number,1,
850,http://en.wikipedia.org/wiki/International_Standard_Book_Number,1,
851,http://en.wikipedia.org/wiki/Oxford_English_Dictionary,1,
852,http://en.wikipedia.org/wiki/Oxford_University_Press,1,
853,http://en.wikipedia.org/wiki/Cambridge_University_Press,1,
854,http://en.wikipedia.org/wiki/International_Standard_Book_Number,1,
855,http://en.wikipedia.org/wiki/Sugata_Bose,1,
856,http://en.wikipedia.org/wiki/Ayesha_Jalal,1,
857,http://en.wikipedia.org/wiki/Routledge,1,
858,http://en.wikipedia.org/wiki/International_Standard_Book_Number,1,
859,http://en.wikipedia.org/wiki/Judith_M._Brown,1,
860,http://en.wikipedia.org/wiki/The_Short_Oxford_History_of_the_Modern_World,1,
861,http://en.wikipedia.org/wiki/Oxford_University_Press,1,
862,http://en.wikipedia.org/wiki/International_Standard_Book_Number,1,
863,http://en.wikipedia.org/wiki/Longman,1,
864,http://en.wikipedia.org/wiki/International_Standard_Book_Number,1,
865,http://en.wikipedia.org/wiki/Hermann_Kulke,1,
866,http://en.wikipedia.org/wiki/Routledge,1,
867,http://en.wikipedia.org/wiki/International_Standard_Book_Number,1,
868,http://en.wikipedia.org/wiki/One_World_Media,1,
869,http://en.wikipedia.org/wiki/International_Standard_Book_Number,1,
870,http://en.wikipedia.org/wiki/Barbara_Metcalf,0,
871,http://en.wikipedia.org/wiki/Thomas_R._Metcalf,1,
872,http://en.wikipedia.org/wiki/Cambridge_University_Press,1,
873,http://en.wikipedia.org/wiki/International_Standard_Book_Number,1,
874,http://en.wikipedia.org/wiki/Pearson_Education,1,
875,http://en.wikipedia.org/wiki/International_Standard_Book_Number,1,
876,http://en.wikipedia.org/wiki/Bridget_Allchin,1,
877,http://en.wikipedia.org/wiki/International_Standard_Book_Number,1,
878,http://en.wikipedia.org/wiki/Gregory_Possehl,1,
879,http://en.wikipedia.org/wiki/International_Standard_Book_Number,1,
880,http://en.wikipedia.org/wiki/International_Standard_Book_Number,1,
881,http://en.wikipedia.org/wiki/International_Standard_Book_Number,1,
882,http://en.wikipedia.org/wiki/Upinder_Singh,1,
883,http://en.wikipedia.org/wiki/Longman,1,
884,http://en.wikipedia.org/wiki/International_Standard_Book_Number,1,
885,http://en.wikipedia.org/wiki/Burton_Stein,1,
886,http://en.wikipedia.org/wiki/International_Standard_Book_Number,1,
887,http://en.wikipedia.org/wiki/Burton_Stein,1,
888,http://en.wikipedia.org/wiki/International_Standard_Book_Number,1,
889,http://en.wikipedia.org/wiki/United_States_Department_of_Agriculture,1,
890,http://en.wikipedia.org/wiki/Michael_Witzel,1,
891,http://en.wikipedia.org/wiki/International_Standard_Book_Number,1,
892,http://en.wikipedia.org/wiki/Stanley_Wolpert,1,
893,http://en.wikipedia.org/wiki/Oxford_University_Press,1,
894,http://en.wikipedia.org/wiki/International_Standard_Book_Number,1,
895,http://en.wikipedia.org/wiki/Digital_object_identifier,1,
896,http://en.wikipedia.org/wiki/Digital_object_identifier,1,
897,http://en.wikipedia.org/wiki/Joseph_E._Schwartzberg,1,
898,http://en.wikipedia.org/wiki/Routledge,1,
899,http://en.wikipedia.org/wiki/International_Standard_Book_Number,1,
900,http://en.wikipedia.org/wiki/Government_of_India,1,
901,http://en.wikipedia.org/wiki/International_Standard_Book_Number,1,
902,http://en.wikipedia.org/wiki/International_Standard_Book_Number,1,
903,http://en.wikipedia.org/wiki/S._Dillon_Ripley,0,
904,http://en.wikipedia.org/wiki/Oxford_University_Press,1,
905,http://en.wikipedia.org/wiki/International_Standard_Book_Number,1,
906,http://en.wikipedia.org/wiki/Zoological_Survey_of_India,1,
907,http://en.wikipedia.org/wiki/Conservation_International,1,
908,http://en.wikipedia.org/wiki/Geological_Society_of_London,1,
909,http://en.wikipedia.org/wiki/International_Standard_Book_Number,1,
910,http://en.wikipedia.org/wiki/M._E._Sharpe,1,
911,http://en.wikipedia.org/wiki/International_Standard_Book_Number,1,
912,http://en.wikipedia.org/wiki/International_Standard_Book_Number,1,
913,http://en.wikipedia.org/wiki/Current_Science,1,
914,http://en.wikipedia.org/wiki/Indian_Academy_of_Sciences,1,
915,http://en.wikipedia.org/wiki/International_Union_for_Conservation_of_Nature,2,
916,http://en.wikipedia.org/wiki/International_Standard_Book_Number,1,
917,http://en.wikipedia.org/wiki/Government_of_India,1,
918,http://en.wikipedia.org/wiki/HarperCollins,1,
919,http://en.wikipedia.org/wiki/International_Standard_Book_Number,1,
920,http://en.wikipedia.org/wiki/International_Standard_Book_Number,1,
921,http://en.wikipedia.org/wiki/International_Standard_Book_Number,1,
922,http://en.wikipedia.org/wiki/Business_Standard,1,
923,http://en.wikipedia.org/wiki/International_Standard_Book_Number,1,
924,http://en.wikipedia.org/wiki/London_School_of_Economics,1,
925,http://en.wikipedia.org/wiki/Digital_object_identifier,1,
926,http://en.wikipedia.org/wiki/M._E._Sharpe,1,
927,http://en.wikipedia.org/wiki/International_Standard_Book_Number,1,
928,http://en.wikipedia.org/wiki/Election_Commission_of_India,1,
929,http://en.wikipedia.org/wiki/International_Standard_Book_Number,1,
930,http://en.wikipedia.org/wiki/The_Hindu,1,
931,http://en.wikipedia.org/wiki/Malayala_Manorama,1,
932,http://en.wikipedia.org/wiki/International_Standard_Book_Number,1,
933,http://en.wikipedia.org/wiki/National_Informatics_Centre,1,
934,http://en.wikipedia.org/wiki/Government_of_India,1,
935,http://en.wikipedia.org/wiki/Digital_object_identifier,1,
936,http://en.wikipedia.org/wiki/S._Chand,1,
937,http://en.wikipedia.org/wiki/International_Standard_Book_Number,1,
938,http://en.wikipedia.org/wiki/S._Chand,1,
939,http://en.wikipedia.org/wiki/International_Standard_Book_Number,1,
940,http://en.wikipedia.org/wiki/International_Standard_Book_Number,1,
941,http://en.wikipedia.org/wiki/Prentice_Hall,1,
942,http://en.wikipedia.org/wiki/International_Standard_Book_Number,1,
943,http://en.wikipedia.org/wiki/Digital_object_identifier,1,
944,http://en.wikipedia.org/wiki/United_Nations_Department_of_Economic_and_Social_Affairs,1,
945,http://en.wikipedia.org/wiki/Commission_on_Population_and_Development,1,
946,http://en.wikipedia.org/wiki/Oxford_University_Press,1,
947,http://en.wikipedia.org/wiki/International_Standard_Book_Number,1,
948,http://en.wikipedia.org/wiki/The_Australian,1,
949,http://en.wikipedia.org/wiki/Institute_for_Defence_Studies_and_Analyses,1,
950,http://en.wikipedia.org/wiki/Institute_for_Defence_Studies_and_Analyses,1,
951,http://en.wikipedia.org/wiki/BBC_News,1,
952,http://en.wikipedia.org/wiki/BBC,2,
953,http://en.wikipedia.org/wiki/The_Globe_and_Mail,1,
954,http://en.wikipedia.org/wiki/European_Union,1,
955,http://en.wikipedia.org/wiki/Pearson_PLC,1,
956,http://en.wikipedia.org/wiki/International_Standard_Book_Number,1,
957,http://en.wikipedia.org/wiki/William_Morrow_and_Company,1,
958,http://en.wikipedia.org/wiki/International_Standard_Book_Number,1,
959,http://en.wikipedia.org/wiki/The_Hindu,1,
960,http://en.wikipedia.org/wiki/The_Times_of_India,1,
961,http://en.wikipedia.org/wiki/University_of_California_Press,1,
962,http://en.wikipedia.org/wiki/International_Standard_Book_Number,1,
963,http://en.wikipedia.org/wiki/Rediff.com,0,
964,http://en.wikipedia.org/wiki/Oxford_University_Press,1,
965,http://en.wikipedia.org/wiki/International_Standard_Book_Number,1,
966,http://en.wikipedia.org/wiki/Routledge,1,
967,http://en.wikipedia.org/wiki/International_Standard_Book_Number,1,
968,http://en.wikipedia.org/wiki/RIA_Novosti,1,
969,http://en.wikipedia.org/wiki/International_Standard_Book_Number,1,
970,http://en.wikipedia.org/wiki/Business_Standard,1,
971,http://en.wikipedia.org/wiki/International_Standard_Book_Number,1,
972,http://en.wikipedia.org/wiki/Oxford_University_Press,1,
973,http://en.wikipedia.org/wiki/International_Standard_Book_Number,1,
974,http://en.wikipedia.org/wiki/The_Times_of_India,1,
975,http://en.wikipedia.org/wiki/International_Standard_Book_Number,1,
976,http://en.wikipedia.org/wiki/Christian_Science_Monitor,0,
977,http://en.wikipedia.org/wiki/BBC_News,1,
978,http://en.wikipedia.org/wiki/BBC,2,
979,http://en.wikipedia.org/wiki/Business_Line,1,
980,http://en.wikipedia.org/wiki/International_Monetary_Fund,1,
981,http://en.wikipedia.org/wiki/International_Monetary_Fund,1,
982,http://en.wikipedia.org/wiki/SAGE_Publications,0,
983,http://en.wikipedia.org/wiki/International_Standard_Book_Number,1,
984,http://en.wikipedia.org/wiki/Organisation_for_Economic_Co-operation_and_Development,1,
985,http://en.wikipedia.org/wiki/United_Nations,2,
986,http://en.wikipedia.org/wiki/PricewaterhouseCoopers,1,
987,http://en.wikipedia.org/wiki/World_Economic_Forum,1,
988,http://en.wikipedia.org/wiki/The_Wall_Street_Journal,1,
989,http://en.wikipedia.org/wiki/International_Standard_Book_Number,1,
990,http://en.wikipedia.org/wiki/Telecom_Regulatory_Authority_of_India,1,
991,http://en.wikipedia.org/wiki/The_Times_of_India,1,
992,http://en.wikipedia.org/wiki/Transparency_International,1,
993,http://en.wikipedia.org/wiki/World_Bank,1,
994,http://en.wikipedia.org/wiki/World_Bank,1,
995,http://en.wikipedia.org/wiki/World_Bank,1,
996,http://en.wikipedia.org/wiki/World_Bank,1,
997,http://en.wikipedia.org/wiki/World_Trade_Organisation,0,
998,http://en.wikipedia.org/wiki/NASSCOM,1,
999,http://en.wikipedia.org/wiki/WTO,0,
1000,http://en.wikipedia.org/wiki/Duke_University_Press,1,
1001,http://en.wikipedia.org/wiki/International_Standard_Book_Number,1,
1002,http://en.wikipedia.org/wiki/International_Standard_Book_Number,1,
1003,http://en.wikipedia.org/wiki/University_of_Iowa_Press,1,
1004,http://en.wikipedia.org/wiki/International_Standard_Book_Number,1,
1005,http://en.wikipedia.org/wiki/SAGE_Publications,0,
1006,http://en.wikipedia.org/wiki/International_Standard_Book_Number,1,
1007,http://en.wikipedia.org/wiki/Oxford_University_Press,1,
1008,http://en.wikipedia.org/wiki/International_Standard_Book_Number,1,
1009,http://en.wikipedia.org/wiki/World_Bank,1,
1010,http://en.wikipedia.org/wiki/International_Standard_Serial_Number,1,
1011,http://en.wikipedia.org/wiki/Government_of_India,1,
1012,http://en.wikipedia.org/wiki/Government_of_India,1,
1013,http://en.wikipedia.org/wiki/Government_of_India,1,
1014,http://en.wikipedia.org/wiki/International_Standard_Book_Number,1,
1015,http://en.wikipedia.org/wiki/International_Standard_Book_Number,1,
1016,http://en.wikipedia.org/wiki/International_Standard_Book_Number,1,
1017,http://en.wikipedia.org/wiki/International_Standard_Book_Number,1,
1018,http://en.wikipedia.org/wiki/International_Standard_Book_Number,1,
1019,http://en.wikipedia.org/wiki/World_Health_Organisation,0,
1020,http://en.wikipedia.org/wiki/Oxford_University_Press,1,
1021,http://en.wikipedia.org/wiki/International_Standard_Book_Number,1,
1022,http://en.wikipedia.org/wiki/Macmillan_Publishers,1,
1023,http://en.wikipedia.org/wiki/International_Standard_Book_Number,1,
1024,http://en.wikipedia.org/wiki/BBC_News,1,
1025,http://en.wikipedia.org/wiki/BBC_News,1,
1026,http://en.wikipedia.org/wiki/University_of_Minnesota_Press,1,
1027,http://en.wikipedia.org/wiki/International_Standard_Book_Number,1,
1028,http://en.wikipedia.org/wiki/Infobase_Publishing,1,
1029,http://en.wikipedia.org/wiki/International_Standard_Book_Number,1,
1030,http://en.wikipedia.org/wiki/Sahitya_Akademi,1,
1031,http://en.wikipedia.org/wiki/International_Standard_Book_Number,1,
1032,http://en.wikipedia.org/wiki/Sahitya_Akademi,1,
1033,http://en.wikipedia.org/wiki/International_Standard_Book_Number,1,
1034,http://en.wikipedia.org/wiki/The_Wall_Street_Journal,1,
1035,http://en.wikipedia.org/wiki/University_of_Hawaii_Press,1,
1036,http://en.wikipedia.org/wiki/International_Standard_Book_Number,1,
1037,http://en.wikipedia.org/wiki/International_Standard_Book_Number,1,
1038,http://en.wikipedia.org/wiki/The_Economic_Times,1,
1039,http://en.wikipedia.org/wiki/Penguin_Books,1,
1040,http://en.wikipedia.org/wiki/International_Standard_Book_Number,1,
1041,http://en.wikipedia.org/wiki/University_of_California_Press,1,
1042,http://en.wikipedia.org/wiki/International_Standard_Book_Number,1,
1043,http://en.wikipedia.org/wiki/International_Standard_Book_Number,1,
1044,http://en.wikipedia.org/wiki/Greenwood_Publishing_Group,1,
1045,http://en.wikipedia.org/wiki/International_Standard_Book_Number,1,
1046,http://en.wikipedia.org/wiki/Popular_Prakashan,1,
1047,http://en.wikipedia.org/wiki/International_Standard_Book_Number,1,
1048,http://en.wikipedia.org/wiki/Oxford_University_Press,1,
1049,http://en.wikipedia.org/wiki/International_Standard_Book_Number,1,
1050,http://en.wikipedia.org/wiki/International_Standard_Book_Number,1,
1051,http://en.wikipedia.org/wiki/Oxford_University_Press,1,
1052,http://en.wikipedia.org/wiki/International_Standard_Book_Number,1,
1053,http://en.wikipedia.org/wiki/International_Standard_Book_Number,1,
1054,http://en.wikipedia.org/wiki/Shivarama_Karanth,0,
1055,http://en.wikipedia.org/wiki/International_Standard_Book_Number,1,
1056,http://en.wikipedia.org/wiki/Cambridge_University_Press,1,
1057,http://en.wikipedia.org/wiki/International_Standard_Book_Number,1,
1058,http://en.wikipedia.org/wiki/International_Standard_Book_Number,1,
1059,http://en.wikipedia.org/wiki/Sterling_Publishing,1,
1060,http://en.wikipedia.org/wiki/International_Standard_Book_Number,1,
1061,http://en.wikipedia.org/wiki/Oxford_University_Press,1,
1062,http://en.wikipedia.org/wiki/International_Standard_Book_Number,1,
1063,http://en.wikipedia.org/wiki/Ashgate_Publishing,1,
1064,http://en.wikipedia.org/wiki/International_Standard_Book_Number,1,
1065,http://en.wikipedia.org/wiki/Arthur_Anthony_Macdonell,1,
1066,http://en.wikipedia.org/wiki/Kessinger_Publishing,1,
1067,http://en.wikipedia.org/wiki/International_Standard_Book_Number,1,
1068,http://en.wikipedia.org/wiki/Routledge,1,
1069,http://en.wikipedia.org/wiki/International_Standard_Book_Number,1,
1070,http://en.wikipedia.org/wiki/International_Standard_Book_Number,1,
1071,http://en.wikipedia.org/wiki/International_Standard_Book_Number,1,
1072,http://en.wikipedia.org/wiki/SAGE_Publications,0,
1073,http://en.wikipedia.org/wiki/International_Standard_Book_Number,1,
1074,http://en.wikipedia.org/wiki/Springer_Publishing,1,
1075,http://en.wikipedia.org/wiki/International_Standard_Book_Number,1,
1076,http://en.wikipedia.org/wiki/Createspace,0,
1077,http://en.wikipedia.org/wiki/International_Standard_Book_Number,1,
1078,http://en.wikipedia.org/wiki/International_Standard_Book_Number,1,
1079,http://en.wikipedia.org/wiki/Motilal_Banarsidass,1,
1080,http://en.wikipedia.org/wiki/International_Standard_Book_Number,1,
1081,http://en.wikipedia.org/wiki/Greenwood_Publishing_Group,1,
1082,http://en.wikipedia.org/wiki/International_Standard_Book_Number,1,
1083,http://en.wikipedia.org/wiki/CRC_Press,1,
1084,http://en.wikipedia.org/wiki/International_Standard_Book_Number,1,
1085,http://en.wikipedia.org/wiki/British_Film_Institute,1,
1086,http://en.wikipedia.org/wiki/International_Standard_Book_Number,1,
1087,http://en.wikipedia.org/wiki/A._K._Ramanujan,1,
1088,http://en.wikipedia.org/wiki/Columbia_University_Press,1,
1089,http://en.wikipedia.org/wiki/International_Standard_Book_Number,1,
1090,http://en.wikipedia.org/wiki/Indiana_University_Press,1,
1091,http://en.wikipedia.org/wiki/International_Standard_Book_Number,1,
1092,http://en.wikipedia.org/wiki/Rediff.com,0,
1093,http://en.wikipedia.org/wiki/International_Standard_Book_Number,1,
1094,http://en.wikipedia.org/wiki/Motilal_Banarsidass,1,
1095,http://en.wikipedia.org/wiki/International_Standard_Book_Number,1,
1096,http://en.wikipedia.org/wiki/University_Press_of_America,1,
1097,http://en.wikipedia.org/wiki/International_Standard_Book_Number,1,
1098,http://en.wikipedia.org/wiki/International_Standard_Book_Number,1,
1099,http://en.wikipedia.org/wiki/Cambridge_University_Press,1,
1100,http://en.wikipedia.org/wiki/International_Standard_Book_Number,1,
1101,http://en.wikipedia.org/wiki/International_Standard_Book_Number,1,
1102,http://en.wikipedia.org/wiki/University_of_Chicago_Press,1,
1103,http://en.wikipedia.org/wiki/International_Standard_Book_Number,1,
1104,http://en.wikipedia.org/wiki/The_Times_of_India,1,
1105,http://en.wikipedia.org/wiki/UNESCO,1,
1106,http://en.wikipedia.org/wiki/International_Standard_Book_Number,1,
1107,http://en.wikipedia.org/wiki/Digital_object_identifier,1,
1108,http://en.wikipedia.org/wiki/The_Times_of_India,1,
1109,http://en.wikipedia.org/wiki/International_Standard_Book_Number,1,
1110,http://en.wikipedia.org/wiki/Brill_Publishers,1,
1111,http://en.wikipedia.org/wiki/International_Standard_Book_Number,1,
1112,http://en.wikipedia.org/wiki/The_World_Factbook,1,
1113,http://en.wikipedia.org/wiki/DMOZ,1,
1114,http://en.wikipedia.org/wiki/BBC_News,1,
1115,http://en.wikipedia.org/wiki/University_of_Colorado_at_Boulder,0,
1116,http://en.wikipedia.org/wiki/Geographic_coordinate_system,1,
1117,http://en.wikipedia.org/wiki/Template_talk:States_and_territories_of_India,0,
1118,http://en.wikipedia.org/wiki/States_and_union_territories_of_India,2,
1119,http://en.wikipedia.org/wiki/Andhra_Pradesh,2,
1120,http://en.wikipedia.org/wiki/Arunachal_Pradesh,1,
1121,http://en.wikipedia.org/wiki/Assam,4,
1122,http://en.wikipedia.org/wiki/Bihar,1,
1123,http://en.wikipedia.org/wiki/Chhattisgarh,1,
1124,http://en.wikipedia.org/wiki/Goa,1,
1125,http://en.wikipedia.org/wiki/Gujarat,3,
1126,http://en.wikipedia.org/wiki/Haryana,1,
1127,http://en.wikipedia.org/wiki/Himachal_Pradesh,1,
1128,http://en.wikipedia.org/wiki/Jammu_and_Kashmir,1,
1129,http://en.wikipedia.org/wiki/Jharkhand,2,
1130,http://en.wikipedia.org/wiki/Karnataka,1,
1131,http://en.wikipedia.org/wiki/Kerala,1,
1132,http://en.wikipedia.org/wiki/Madhya_Pradesh,1,
1133,http://en.wikipedia.org/wiki/Maharashtra,1,
1134,http://en.wikipedia.org/wiki/Manipur,2,
1135,http://en.wikipedia.org/wiki/Meghalaya,1,
1136,http://en.wikipedia.org/wiki/Mizoram,1,
1137,http://en.wikipedia.org/wiki/Nagaland,1,
1138,http://en.wikipedia.org/wiki/Odisha,1,
1139,http://en.wikipedia.org/wiki/Punjab,3,
1140,http://en.wikipedia.org/wiki/Rajasthan,1,
1141,http://en.wikipedia.org/wiki/Sikkim,1,
1142,http://en.wikipedia.org/wiki/Tamil_Nadu,1,
1143,http://en.wikipedia.org/wiki/Tripura,1,
1144,http://en.wikipedia.org/wiki/Uttar_Pradesh,1,
1145,http://en.wikipedia.org/wiki/Uttarakhand,1,
1146,http://en.wikipedia.org/wiki/West_Bengal,1,
1147,http://en.wikipedia.org/wiki/India,61,
1148,http://en.wikipedia.org/wiki/Union_territory,1,
1149,http://en.wikipedia.org/wiki/Andaman_and_Nicobar_Islands,1,
1150,http://en.wikipedia.org/wiki/Chandigarh,1,
1151,http://en.wikipedia.org/wiki/Dadra_and_Nagar_Haveli,1,
1152,http://en.wikipedia.org/wiki/Delhi,4,
1153,http://en.wikipedia.org/wiki/Daman_and_Diu,1,
1154,http://en.wikipedia.org/wiki/Lakshadweep,1,
1155,http://en.wikipedia.org/wiki/Puducherry,1,
1156,http://en.wikipedia.org/wiki/Telengana,0,
1157,http://en.wikipedia.org/wiki/Seemandhra,0,
1158,http://en.wikipedia.org/wiki/List_of_proposed_states_and_territories_of_India,1,
1159,http://en.wikipedia.org/wiki/Template_talk:India_topics,0,
1160,http://en.wikipedia.org/wiki/History_of_India,1,
1161,http://en.wikipedia.org/wiki/Timeline_of_Indian_history,1,
1162,http://en.wikipedia.org/wiki/Years_in_the_Republic_of_India,1,
1163,http://en.wikipedia.org/wiki/Indian_astronomy,1,
1164,http://en.wikipedia.org/wiki/Economic_history_of_India,1,
1165,http://en.wikipedia.org/wiki/Linguistic_history_of_the_Indian_subcontinent,1,
1166,http://en.wikipedia.org/wiki/Indian_maritime_history,1,
1167,http://en.wikipedia.org/wiki/Indian_mathematics,1,
1168,http://en.wikipedia.org/wiki/History_of_metallurgy_in_the_Indian_subcontinent,1,
1169,http://en.wikipedia.org/wiki/Military_history_of_India,1,
1170,http://en.wikipedia.org/wiki/Postage_stamps_and_postal_history_of_India,1,
1171,http://en.wikipedia.org/wiki/History_of_science_and_technology_in_the_Indian_subcontinent,1,
1172,http://en.wikipedia.org/wiki/South_Asian_Stone_Age,1,
1173,http://en.wikipedia.org/wiki/Indus_Valley_Civilisation,0,
1174,http://en.wikipedia.org/wiki/Vedic_period,1,
1175,http://en.wikipedia.org/wiki/Mahajanapada,1,
1176,http://en.wikipedia.org/wiki/Maurya_Empire,1,
1177,http://en.wikipedia.org/wiki/Middle_kingdoms_of_India,1,
1178,http://en.wikipedia.org/wiki/Hoysala_Empire,1,
1179,http://en.wikipedia.org/wiki/Chola_dynasty,1,
1180,http://en.wikipedia.org/wiki/Pala_Empire,1,
1181,http://en.wikipedia.org/wiki/Kakatiya_dynasty,1,
1182,http://en.wikipedia.org/wiki/Delhi_Sultanate,1,
1183,http://en.wikipedia.org/wiki/Vijayanagara_Empire,1,
1184,http://en.wikipedia.org/wiki/Mughal_Empire,1,
1185,http://en.wikipedia.org/wiki/Maratha_Empire,1,
1186,http://en.wikipedia.org/wiki/East_India_Company,1,
1187,http://en.wikipedia.org/wiki/Colonial_India,1,
1188,http://en.wikipedia.org/wiki/Princely_state,1,
1189,http://en.wikipedia.org/wiki/East_India_Company,1,
1190,http://en.wikipedia.org/wiki/Battle_of_Plassey,1,
1191,http://en.wikipedia.org/wiki/Indian_Rebellion_of_1857,1,
1192,http://en.wikipedia.org/wiki/British_Raj,1,
1193,http://en.wikipedia.org/wiki/History_of_rail_transport_in_India,1,
1194,http://en.wikipedia.org/wiki/Economy_of_India_under_the_British_Raj,1,
1195,http://en.wikipedia.org/wiki/British_Indian_Army,1,
1196,http://en.wikipedia.org/wiki/Zamindar#British_era,0,
1197,http://en.wikipedia.org/wiki/Bengal_Renaissance,0,
1198,http://en.wikipedia.org/wiki/Indian_Councils_Act_1909,1,
1199,http://en.wikipedia.org/wiki/Princely_state,1,
1200,http://en.wikipedia.org/wiki/Indian_independence_movement,1,
1201,http://en.wikipedia.org/wiki/Bengal_famine_of_1943,1,
1202,http://en.wikipedia.org/wiki/India_in_World_War_II,1,
1203,http://en.wikipedia.org/wiki/Partition_of_India,1,
1204,http://en.wikipedia.org/wiki/History_of_the_Republic_of_India,1,
1205,http://en.wikipedia.org/wiki/Political_integration_of_India,1,
1206,http://en.wikipedia.org/wiki/India_and_the_Non-Aligned_Movement,1,
1207,http://en.wikipedia.org/wiki/Five-Year_plans_of_India,0,
1208,http://en.wikipedia.org/wiki/Sino-Indian_War,1,
1209,http://en.wikipedia.org/wiki/Indo-Pakistani_wars_and_conflicts,1,
1210,http://en.wikipedia.org/wiki/Green_Revolution_in_India,1,
1211,http://en.wikipedia.org/wiki/Operation_Flood,1,
1212,http://en.wikipedia.org/wiki/Naxalite,1,
1213,http://en.wikipedia.org/wiki/Smiling_Buddha,1,
1214,http://en.wikipedia.org/wiki/Indian_Space_Research_Organisation,1,
1215,http://en.wikipedia.org/wiki/Indian_Peace_Keeping_Force,1,
1216,http://en.wikipedia.org/wiki/Economic_liberalisation_in_India,1,
1217,http://en.wikipedia.org/wiki/Pokhran-II,1,
1218,http://en.wikipedia.org/wiki/Geography_of_India,1,
1219,http://en.wikipedia.org/wiki/Environment_of_India,1,
1220,http://en.wikipedia.org/wiki/Biosphere_reserves_of_India,1,
1221,http://en.wikipedia.org/wiki/Climate_of_India,1,
1222,http://en.wikipedia.org/wiki/Climatic_regions_of_India,1,
1223,http://en.wikipedia.org/wiki/List_of_ecoregions_in_India,1,
1224,http://en.wikipedia.org/wiki/Environmental_issues_in_India,2,
1225,http://en.wikipedia.org/wiki/Fauna_of_India,1,
1226,http://en.wikipedia.org/wiki/Flora_of_India,1,
1227,http://en.wikipedia.org/wiki/Geology_of_India,1,
1228,http://en.wikipedia.org/wiki/List_of_national_parks_of_India,2,
1229,http://en.wikipedia.org/wiki/Protected_areas_of_India,1,
1230,http://en.wikipedia.org/wiki/Wildlife_of_India,1,
1231,http://en.wikipedia.org/wiki/Wildlife_sanctuaries_of_India,1,
1232,http://en.wikipedia.org/wiki/List_of_beaches_in_India,1,
1233,http://en.wikipedia.org/wiki/Thar_Desert,1,
1234,http://en.wikipedia.org/wiki/List_of_extreme_points_of_India,2,
1235,http://en.wikipedia.org/wiki/List_of_glaciers_of_India,1,
1236,http://en.wikipedia.org/wiki/List_of_islands_of_India,1,
1237,http://en.wikipedia.org/wiki/List_of_lakes_in_India,0,
1238,http://en.wikipedia.org/wiki/List_of_mountains_in_India,1,
1239,http://en.wikipedia.org/wiki/Indo-Gangetic_Plain,0,
1240,http://en.wikipedia.org/wiki/Eastern_coastal_plains,1,
1241,http://en.wikipedia.org/wiki/Western_Coastal_Plains,1,
1242,http://en.wikipedia.org/wiki/List_of_rivers_of_India,1,
1243,http://en.wikipedia.org/wiki/List_of_valleys_in_India,1,
1244,http://en.wikipedia.org/wiki/List_of_volcanoes_in_India,2,
1245,http://en.wikipedia.org/wiki/List_of_waterfalls_in_India,0,
1246,http://en.wikipedia.org/wiki/List_of_regions_of_India,1,
1247,http://en.wikipedia.org/wiki/East_India,2,
1248,http://en.wikipedia.org/wiki/North_India,1,
1249,http://en.wikipedia.org/wiki/Northeast_India,1,
1250,http://en.wikipedia.org/wiki/South_India,1,
1251,http://en.wikipedia.org/wiki/West_India,0,
1252,http://en.wikipedia.org/wiki/Administrative_divisions_of_India,1,
1253,http://en.wikipedia.org/wiki/Autonomous_regions_of_India,0,
1254,http://en.wikipedia.org/wiki/List_of_cities_and_towns_in_India,1,
1255,http://en.wikipedia.org/wiki/List_of_districts_of_India,0,
1256,http://en.wikipedia.org/wiki/Municipalities_of_India,0,
1257,http://en.wikipedia.org/wiki/States_and_territories_of_India,0,
1258,http://en.wikipedia.org/wiki/Government_of_India,1,
1259,http://en.wikipedia.org/wiki/List_of_Indian_agencies,1,
1260,http://en.wikipedia.org/wiki/Cabinet_of_India,2,
1261,http://en.wikipedia.org/wiki/Energy_policy_of_India,1,
1262,http://en.wikipedia.org/wiki/Foreign_relations_of_India,1,
1263,http://en.wikipedia.org/wiki/Parliament_of_India,1,
1264,http://en.wikipedia.org/wiki/President_of_India,1,
1265,http://en.wikipedia.org/wiki/Vice_President_of_India,1,
1266,http://en.wikipedia.org/wiki/Prime_Minister_of_India,1,
1267,http://en.wikipedia.org/wiki/Deputy_Prime_Minister_of_India,1,
1268,http://en.wikipedia.org/wiki/State_governments_of_India,1,
1269,http://en.wikipedia.org/wiki/Law_of_India,1,
1270,http://en.wikipedia.org/wiki/Chief_Justice_of_India,1,
1271,http://en.wikipedia.org/wiki/Constitution_of_India,1,
1272,http://en.wikipedia.org/wiki/District_Courts_of_India,1,
1273,http://en.wikipedia.org/wiki/Fundamental_Rights,1,
1274,http://en.wikipedia.org/wiki/List_of_High_Courts_of_India,2,
1275,http://en.wikipedia.org/wiki/Human_rights_in_India,1,
1276,http://en.wikipedia.org/wiki/Supreme_Court_of_India,1,
1277,http://en.wikipedia.org/wiki/Law_enforcement_in_India,1,
1278,http://en.wikipedia.org/wiki/Border_Security_Force,1,
1279,http://en.wikipedia.org/wiki/Central_Industrial_Security_Force,1,
1280,http://en.wikipedia.org/wiki/Central_Reserve_Police_Force,1,
1281,http://en.wikipedia.org/wiki/Indo-Tibetan_Border_Police,1,
1282,http://en.wikipedia.org/wiki/National_Security_Guard,1,
1283,http://en.wikipedia.org/wiki/Railway_Protection_Force,1,
1284,http://en.wikipedia.org/wiki/Sashastra_Seema_Bal,1,
1285,http://en.wikipedia.org/wiki/Special_Protection_Group,1,
1286,http://en.wikipedia.org/wiki/List_of_Indian_intelligence_agencies,1,
1287,http://en.wikipedia.org/wiki/Bureau_of_Police_Research_and_Development,1,
1288,http://en.wikipedia.org/wiki/Central_Bureau_of_Investigation,1,
1289,http://en.wikipedia.org/wiki/Directorate_of_Revenue_Intelligence,1,
1290,http://en.wikipedia.org/wiki/Narcotics_Control_Bureau,1,
1291,http://en.wikipedia.org/wiki/National_Investigation_Agency,1,
1292,http://en.wikipedia.org/wiki/Research_and_Analysis_Wing,3,
1293,http://en.wikipedia.org/wiki/Military_of_India,0,
1294,http://en.wikipedia.org/wiki/Indian_Army,2,
1295,http://en.wikipedia.org/wiki/Indian_Navy,1,
1296,http://en.wikipedia.org/wiki/Indian_Air_Force,1,
1297,http://en.wikipedia.org/wiki/Indian_Coast_Guard,1,
1298,http://en.wikipedia.org/wiki/Politics_of_India,1,
1299,http://en.wikipedia.org/wiki/Censorship_in_India,1,
1300,http://en.wikipedia.org/wiki/Elections_in_India,1,
1301,http://en.wikipedia.org/wiki/Indian_nationalism,1,
1302,http://en.wikipedia.org/wiki/Parliament_of_India,1,
1303,http://en.wikipedia.org/wiki/Lok_Sabha,1,
1304,http://en.wikipedia.org/wiki/Rajya_Sabha,1,
1305,http://en.wikipedia.org/wiki/List_of_political_parties_in_India,2,
1306,http://en.wikipedia.org/wiki/Indian_National_Congress,1,
1307,http://en.wikipedia.org/wiki/Bharatiya_Janata_Party,1,
1308,http://en.wikipedia.org/wiki/Bahujan_Samaj_Party,1,
1309,http://en.wikipedia.org/wiki/Communist_Party_of_India,1,
1310,http://en.wikipedia.org/wiki/Nationalist_Congress_Party,1,
1311,http://en.wikipedia.org/wiki/Reservation_in_India,1,
1312,http://en.wikipedia.org/wiki/List_of_scandals_in_India,1,
1313,http://en.wikipedia.org/wiki/Scheduled_castes_and_scheduled_tribes,0,
1314,http://en.wikipedia.org/wiki/Secularism_in_India,1,
1315,http://en.wikipedia.org/wiki/Economy_of_India,2,
1316,http://en.wikipedia.org/wiki/Agriculture_in_India,1,
1317,http://en.wikipedia.org/wiki/Animal_husbandry_in_India,1,
1318,http://en.wikipedia.org/wiki/List_of_companies_of_India,1,
1319,http://en.wikipedia.org/wiki/Economic_development_in_India,1,
1320,http://en.wikipedia.org/wiki/Energy_policy_of_India,1,
1321,http://en.wikipedia.org/wiki/Nuclear_power_in_India,1,
1322,http://en.wikipedia.org/wiki/Wind_power_in_India,1,
1323,http://en.wikipedia.org/wiki/Solar_power_in_India,1,
1324,http://en.wikipedia.org/wiki/Fishing_in_India,1,
1325,http://en.wikipedia.org/wiki/Forestry_in_India,1,
1326,http://en.wikipedia.org/wiki/Income_in_India,1,
1327,http://en.wikipedia.org/wiki/International_rankings_of_India,1,
1328,http://en.wikipedia.org/wiki/Labour_in_India,1,
1329,http://en.wikipedia.org/wiki/Reserve_Bank_of_India,1,
1330,http://en.wikipedia.org/wiki/Retailing_in_India,1,
1331,http://en.wikipedia.org/wiki/List_of_supermarket_chains_in_India,1,
1332,http://en.wikipedia.org/wiki/Indian_fast_food,1,
1333,http://en.wikipedia.org/wiki/Indian_rupee,1,
1334,http://en.wikipedia.org/wiki/Bombay_Stock_Exchange,1,
1335,http://en.wikipedia.org/wiki/National_Stock_Exchange_of_India,1,
1336,http://en.wikipedia.org/wiki/Telecommunications_in_India,2,
1337,http://en.wikipedia.org/wiki/Tourism_in_India,1,
1338,http://en.wikipedia.org/wiki/Transport_in_India,1,
1339,http://en.wikipedia.org/wiki/Culture_of_India,1,
1340,http://en.wikipedia.org/wiki/Caste_system_in_India,1,
1341,http://en.wikipedia.org/wiki/Corruption_in_India,1,
1342,http://en.wikipedia.org/wiki/Demographics_of_India,1,
1343,http://en.wikipedia.org/wiki/Education_in_India,1,
1344,http://en.wikipedia.org/wiki/List_of_universities_in_India,1,
1345,http://en.wikipedia.org/wiki/List_of_medical_colleges_in_India,1,
1346,http://en.wikipedia.org/wiki/List_of_law_schools_in_India,1,
1347,http://en.wikipedia.org/wiki/Ethnic_relations_in_India,1,
1348,http://en.wikipedia.org/wiki/Healthcare_in_India,0,
1349,http://en.wikipedia.org/wiki/List_of_hospitals_in_India,1,
1350,http://en.wikipedia.org/wiki/Languages_of_India,1,
1351,http://en.wikipedia.org/wiki/Literacy_in_India,1,
1352,http://en.wikipedia.org/wiki/Poverty_in_India,1,
1353,http://en.wikipedia.org/wiki/Prisons_in_India,1,
1354,http://en.wikipedia.org/wiki/Religion_in_India,1,
1355,http://en.wikipedia.org/wiki/Socio-economic_issues_in_India,0,
1356,http://en.wikipedia.org/wiki/Standard_of_living_in_India,1,
1357,http://en.wikipedia.org/wiki/Water_supply_and_sanitation_in_India,1,
1358,http://en.wikipedia.org/wiki/Culture_of_India,1,
1359,http://en.wikipedia.org/wiki/Arts_and_entertainment_in_India,1,
1360,http://en.wikipedia.org/wiki/Architecture_of_India,1,
1361,http://en.wikipedia.org/wiki/Cinema_of_India,1,
1362,http://en.wikipedia.org/wiki/Indian_cuisine,1,
1363,http://en.wikipedia.org/wiki/Indian_wine,1,
1364,http://en.wikipedia.org/wiki/Indian_classical_dance,2,
1365,http://en.wikipedia.org/wiki/Clothing_in_India,1,
1366,http://en.wikipedia.org/wiki/Folklore_of_India,1,
1367,http://en.wikipedia.org/wiki/Indian_literature,1,
1368,http://en.wikipedia.org/wiki/Media_of_India,1,
1369,http://en.wikipedia.org/wiki/Television_in_India,1,
1370,http://en.wikipedia.org/wiki/Indian_martial_arts,1,
1371,http://en.wikipedia.org/wiki/Music_of_India,1,
1372,http://en.wikipedia.org/wiki/Public_holidays_in_India,1,
1373,http://en.wikipedia.org/wiki/Sport_in_India,1,
1374,http://en.wikipedia.org/wiki/Template_talk:The_Commonwealth,0,
1375,http://en.wikipedia.org/wiki/Member_states_of_the_Commonwealth_of_Nations,1,
1376,http://en.wikipedia.org/wiki/Commonwealth_of_Nations,1,
1377,http://en.wikipedia.org/wiki/List_of_sovereign_states,2,
1378,http://en.wikipedia.org/wiki/Antigua_and_Barbuda,1,
1379,http://en.wikipedia.org/wiki/Australia,2,
1380,http://en.wikipedia.org/wiki/The_Bahamas,1,
1381,http://en.wikipedia.org/wiki/Bangladesh,2,
1382,http://en.wikipedia.org/wiki/Barbados,1,
1383,http://en.wikipedia.org/wiki/Belize,1,
1384,http://en.wikipedia.org/wiki/Botswana,1,
1385,http://en.wikipedia.org/wiki/Brunei,1,
1386,http://en.wikipedia.org/wiki/Cameroon,1,
1387,http://en.wikipedia.org/wiki/Canada,1,
1388,http://en.wikipedia.org/wiki/Cyprus,1,
1389,http://en.wikipedia.org/wiki/Dominica,1,
1390,http://en.wikipedia.org/wiki/Fiji,1,
1391,http://en.wikipedia.org/wiki/Ghana,1,
1392,http://en.wikipedia.org/wiki/Grenada,1,
1393,http://en.wikipedia.org/wiki/Guyana,1,
1394,http://en.wikipedia.org/wiki/Jamaica,1,
1395,http://en.wikipedia.org/wiki/Kenya,1,
1396,http://en.wikipedia.org/wiki/Kiribati,1,
1397,http://en.wikipedia.org/wiki/Lesotho,1,
1398,http://en.wikipedia.org/wiki/Malawi,1,
1399,http://en.wikipedia.org/wiki/Malaysia,1,
1400,http://en.wikipedia.org/wiki/Maldives,1,
1401,http://en.wikipedia.org/wiki/Malta,1,
1402,http://en.wikipedia.org/wiki/Mauritius,1,
1403,http://en.wikipedia.org/wiki/Mozambique,1,
1404,http://en.wikipedia.org/wiki/Namibia,1,
1405,http://en.wikipedia.org/wiki/Nauru,1,
1406,http://en.wikipedia.org/wiki/New_Zealand,1,
1407,http://en.wikipedia.org/wiki/Nigeria,1,
1408,http://en.wikipedia.org/wiki/Pakistan,1,
1409,http://en.wikipedia.org/wiki/Papua_New_Guinea,1,
1410,http://en.wikipedia.org/wiki/Rwanda,1,
1411,http://en.wikipedia.org/wiki/Saint_Kitts_and_Nevis,1,
1412,http://en.wikipedia.org/wiki/Saint_Lucia,1,
1413,http://en.wikipedia.org/wiki/Saint_Vincent_and_the_Grenadines,1,
1414,http://en.wikipedia.org/wiki/Samoa,1,
1415,http://en.wikipedia.org/wiki/Seychelles,1,
1416,http://en.wikipedia.org/wiki/Sierra_Leone,1,
1417,http://en.wikipedia.org/wiki/Singapore,1,
1418,http://en.wikipedia.org/wiki/Solomon_Islands,1,
1419,http://en.wikipedia.org/wiki/South_Africa,1,
1420,http://en.wikipedia.org/wiki/Sri_Lanka,1,
1421,http://en.wikipedia.org/wiki/Swaziland,1,
1422,http://en.wikipedia.org/wiki/Tanzania,1,
1423,http://en.wikipedia.org/wiki/Tonga,1,
1424,http://en.wikipedia.org/wiki/Trinidad_and_Tobago,1,
1425,http://en.wikipedia.org/wiki/Tuvalu,1,
1426,http://en.wikipedia.org/wiki/Uganda,1,
1427,http://en.wikipedia.org/wiki/United_Kingdom,1,
1428,http://en.wikipedia.org/wiki/Vanuatu,1,
1429,http://en.wikipedia.org/wiki/Zambia,1,
1430,http://en.wikipedia.org/wiki/Dependent_territory,1,
1431,http://en.wikipedia.org/wiki/Ashmore_and_Cartier_Islands,1,
1432,http://en.wikipedia.org/wiki/Australian_Antarctic_Territory,1,
1433,http://en.wikipedia.org/wiki/Christmas_Island,1,
1434,http://en.wikipedia.org/wiki/Coral_Sea_Islands,1,
1435,http://en.wikipedia.org/wiki/Heard_Island_and_McDonald_Islands,1,
1436,http://en.wikipedia.org/wiki/Norfolk_Island,1,
1437,http://en.wikipedia.org/wiki/Cook_Islands,1,
1438,http://en.wikipedia.org/wiki/Niue,1,
1439,http://en.wikipedia.org/wiki/Ross_Dependency,1,
1440,http://en.wikipedia.org/wiki/Tokelau,2,
1441,http://en.wikipedia.org/wiki/Akrotiri_and_Dhekelia,1,
1442,http://en.wikipedia.org/wiki/Anguilla,1,
1443,http://en.wikipedia.org/wiki/Bermuda,1,
1444,http://en.wikipedia.org/wiki/British_Antarctic_Territory,1,
1445,http://en.wikipedia.org/wiki/British_Indian_Ocean_Territory,1,
1446,http://en.wikipedia.org/wiki/British_Virgin_Islands,1,
1447,http://en.wikipedia.org/wiki/Cayman_Islands,1,
1448,http://en.wikipedia.org/wiki/Falkland_Islands,1,
1449,http://en.wikipedia.org/wiki/Gibraltar,1,
1450,http://en.wikipedia.org/wiki/Guernsey,1,
1451,http://en.wikipedia.org/wiki/Isle_of_Man,1,
1452,http://en.wikipedia.org/wiki/Jersey,1,
1453,http://en.wikipedia.org/wiki/Montserrat,1,
1454,http://en.wikipedia.org/wiki/Pitcairn_Islands,1,
1455,http://en.wikipedia.org/wiki/Saint_Helena,1,
1456,http://en.wikipedia.org/wiki/South_Georgia_and_the_South_Sandwich_Islands,2,
1457,http://en.wikipedia.org/wiki/Turks_and_Caicos_Islands,1,
1458,http://en.wikipedia.org/wiki/Template_talk:G8_nations,0,
1459,http://en.wikipedia.org/wiki/G8,1,
1460,http://en.wikipedia.org/wiki/Canada,1,
1461,http://en.wikipedia.org/wiki/France,1,
1462,http://en.wikipedia.org/wiki/Germany,1,
1463,http://en.wikipedia.org/wiki/Italy,1,
1464,http://en.wikipedia.org/wiki/Japan,1,
1465,http://en.wikipedia.org/wiki/Russia,1,
1466,http://en.wikipedia.org/wiki/United_Kingdom,1,
1467,http://en.wikipedia.org/wiki/United_States,2,
1468,http://en.wikipedia.org/wiki/European_Union,1,
1469,http://en.wikipedia.org/wiki/Brazil,1,
1470,http://en.wikipedia.org/wiki/China,1,
1471,http://en.wikipedia.org/wiki/Mexico,1,
1472,http://en.wikipedia.org/wiki/South_Africa,1,
1473,http://en.wikipedia.org/wiki/Group_of_Six,0,
1474,http://en.wikipedia.org/wiki/G7,2,
1475,http://en.wikipedia.org/wiki/G8#History,0,
1476,http://en.wikipedia.org/wiki/Template_talk:G20,0,
1477,http://en.wikipedia.org/wiki/G-20_major_economies,1,
1478,http://en.wikipedia.org/wiki/Argentina,1,
1479,http://en.wikipedia.org/wiki/Argentina,1,
1480,http://en.wikipedia.org/wiki/Australia,2,
1481,http://en.wikipedia.org/wiki/Australia,2,
1482,http://en.wikipedia.org/wiki/Brazil,1,
1483,http://en.wikipedia.org/wiki/Brazil,1,
1484,http://en.wikipedia.org/wiki/Canada,1,
1485,http://en.wikipedia.org/wiki/Canada,1,
1486,http://en.wikipedia.org/wiki/China,1,
1487,http://en.wikipedia.org/wiki/China,1,
1488,http://en.wikipedia.org/wiki/European_Union,1,
1489,http://en.wikipedia.org/wiki/European_Union,1,
1490,http://en.wikipedia.org/wiki/France,1,
1491,http://en.wikipedia.org/wiki/France,1,
1492,http://en.wikipedia.org/wiki/Germany,1,
1493,http://en.wikipedia.org/wiki/Germany,1,
1494,http://en.wikipedia.org/wiki/India,62,
1495,http://en.wikipedia.org/wiki/Indonesia,1,
1496,http://en.wikipedia.org/wiki/Indonesia,1,
1497,http://en.wikipedia.org/wiki/Italy,1,
1498,http://en.wikipedia.org/wiki/Italy,1,
1499,http://en.wikipedia.org/wiki/Japan,1,
1500,http://en.wikipedia.org/wiki/Japan,1,
1501,http://en.wikipedia.org/wiki/Mexico,1,
1502,http://en.wikipedia.org/wiki/Mexico,1,
1503,http://en.wikipedia.org/wiki/Russia,1,
1504,http://en.wikipedia.org/wiki/Russia,1,
1505,http://en.wikipedia.org/wiki/Saudi_Arabia,1,
1506,http://en.wikipedia.org/wiki/Saudi_Arabia,1,
1507,http://en.wikipedia.org/wiki/South_Africa,1,
1508,http://en.wikipedia.org/wiki/South_Africa,1,
1509,http://en.wikipedia.org/wiki/South_Korea,1,
1510,http://en.wikipedia.org/wiki/South_Korea,1,
1511,http://en.wikipedia.org/wiki/Turkey,1,
1512,http://en.wikipedia.org/wiki/Turkey,1,
1513,http://en.wikipedia.org/wiki/United_Kingdom,1,
1514,http://en.wikipedia.org/wiki/United_Kingdom,1,
1515,http://en.wikipedia.org/wiki/United_States,2,
1516,http://en.wikipedia.org/wiki/United_States,2,
1517,http://en.wikipedia.org/wiki/Template_talk:BRICS_countries,0,
1518,http://en.wikipedia.org/wiki/BRICS,1,
1519,http://en.wikipedia.org/wiki/Brazil,1,
1520,http://en.wikipedia.org/wiki/Russia,1,
1521,http://en.wikipedia.org/wiki/China,1,
1522,http://en.wikipedia.org/wiki/South_Africa,1,
1523,http://en.wikipedia.org/wiki/India,62,
1524,http://en.wikipedia.org/wiki/India,62,
1525,http://en.wikipedia.org/wiki/Main_Page,2,
1526,http://en.wikipedia.org/wiki/Main_Page,2,
