http://en.wikipedia.org/wiki/Flag_of_Japan,Flag of Japan
http://en.wikipedia.org/wiki/Imperial_Seal_of_Japan,Imperial Seal of Japan
http://en.wikipedia.org/wiki/Kimigayo,Kimigayo
http://en.wikipedia.org/wiki/Government_Seal_of_Japan,Government Seal of Japan
http://en.wikipedia.org/wiki/Tokyo,Tokyo
http://en.wikipedia.org/wiki/Ainu_language,Ainu language
http://en.wikipedia.org/wiki/Ryukyuan_languages,Ryukyuan languages
http://en.wikipedia.org/wiki/Eastern_Japanese,Eastern Japanese
http://en.wikipedia.org/wiki/Western_Japanese,Western Japanese
http://en.wikipedia.org/wiki/Japanese_dialects,Japanese dialects
http://en.wikipedia.org/wiki/National_language,National language
http://en.wikipedia.org/wiki/Japanese_language,Japanese language
http://en.wikipedia.org/wiki/Ethnic_groups,Ethnic groups
http://en.wikipedia.org/wiki/Japanese_people,Japanese people
http://en.wikipedia.org/wiki/Koreans_in_Japan,Koreans in Japan
http://en.wikipedia.org/wiki/Chinese_people_in_Japan,Chinese people in Japan
http://en.wikipedia.org/wiki/Demonym,Demonym
http://en.wikipedia.org/wiki/Japanese_people,Japanese people
http://en.wikipedia.org/wiki/Politics_of_Japan,Politics of Japan
http://en.wikipedia.org/wiki/Unitary_state,Unitary state
http://en.wikipedia.org/wiki/Parliamentary_system,Parliamentary system
http://en.wikipedia.org/wiki/Constitutional_monarchy,Constitutional monarchy
http://en.wikipedia.org/wiki/Emperor_of_Japan,Emperor of Japan
http://en.wikipedia.org/wiki/Akihito,Akihito
http://en.wikipedia.org/wiki/Prime_Minister_of_Japan,Prime Minister of Japan
http://en.wikipedia.org/wiki/Deputy_Prime_Minister_of_Japan,Deputy Prime Minister of Japan
http://en.wikipedia.org/wiki/National_Diet,National Diet
http://en.wikipedia.org/wiki/Upper_house,Upper house
http://en.wikipedia.org/wiki/House_of_Councillors,House of Councillors
http://en.wikipedia.org/wiki/Lower_house,Lower house
http://en.wikipedia.org/wiki/History_of_Japan,History of Japan
http://en.wikipedia.org/wiki/National_Foundation_Day,National Foundation Day
http://en.wikipedia.org/wiki/Meiji_Constitution,Meiji Constitution
http://en.wikipedia.org/wiki/Constitution_of_Japan,Constitution of Japan
http://en.wikipedia.org/wiki/Treaty_of_San_Francisco,Treaty of San Francisco
http://en.wikipedia.org/wiki/Geography_of_Japan,Geography of Japan
http://en.wikipedia.org/wiki/List_of_countries_and_dependencies_by_area,List of countries and dependencies by area
http://en.wikipedia.org/wiki/Demographics_of_Japan,Demographics of Japan
http://en.wikipedia.org/wiki/List_of_countries_by_population,List of countries by population
http://en.wikipedia.org/wiki/List_of_sovereign_states_and_dependent_territories_by_population_density,List of sovereign states and dependent territories by population density
http://en.wikipedia.org/wiki/Gross_domestic_product,Gross domestic product
http://en.wikipedia.org/wiki/Purchasing_power_parity,Purchasing power parity
http://en.wikipedia.org/wiki/Gross_domestic_product,Gross domestic product
http://en.wikipedia.org/wiki/Gini_coefficient,Gini coefficient
http://en.wikipedia.org/wiki/List_of_countries_by_income_equality,List of countries by income equality
http://en.wikipedia.org/wiki/Human_Development_Index,Human Development Index
http://en.wikipedia.org/wiki/List_of_countries_by_Human_Development_Index,List of countries by Human Development Index
http://en.wikipedia.org/wiki/Japanese_yen,Japanese yen
http://en.wikipedia.org/wiki/ISO_4217,ISO 4217
http://en.wikipedia.org/wiki/Japan_Standard_Time,Japan Standard Time
http://en.wikipedia.org/wiki/Coordinated_Universal_Time,Coordinated Universal Time
http://en.wikipedia.org/wiki/Daylight_saving_time,Daylight saving time
http://en.wikipedia.org/wiki/Coordinated_Universal_Time,Coordinated Universal Time
http://en.wikipedia.org/wiki/Japanese_era_name,Japanese era name
http://en.wikipedia.org/wiki/Anno_Domini,Anno Domini
http://en.wikipedia.org/wiki/Right-_and_left-hand_traffic#Japan,Right- and left-hand traffic
http://en.wikipedia.org/wiki/Telephone_numbers_in_Japan,Telephone numbers in Japan
http://en.wikipedia.org/wiki/Telephone_numbers_in_Japan,Telephone numbers in Japan
http://en.wikipedia.org/wiki/ISO_3166,ISO 3166
http://en.wikipedia.org/wiki/ISO_3166-2:JP,ISO 3166-2:JP
http://en.wikipedia.org/wiki/Country_code_top-level_domain,Country code top-level domain
http://en.wikipedia.org/wiki/.jp,.jp
http://en.wikipedia.org/wiki/Japanese_language,Japanese language
http://en.wikipedia.org/wiki/Japanese_language,Japanese language
http://en.wikipedia.org/wiki/Island_country,Island country
http://en.wikipedia.org/wiki/East_Asia,East Asia
http://en.wikipedia.org/wiki/Pacific_Ocean,Pacific Ocean
http://en.wikipedia.org/wiki/Sea_of_Japan,Sea of Japan
http://en.wikipedia.org/wiki/China,China
http://en.wikipedia.org/wiki/North_Korea,North Korea
http://en.wikipedia.org/wiki/South_Korea,South Korea
http://en.wikipedia.org/wiki/Russia,Russia
http://en.wikipedia.org/wiki/Sea_of_Okhotsk,Sea of Okhotsk
http://en.wikipedia.org/wiki/East_China_Sea,East China Sea
http://en.wikipedia.org/wiki/Taiwan,Taiwan
http://en.wikipedia.org/wiki/Kanji,Kanji
http://en.wikipedia.org/wiki/Names_of_Japan,Names of Japan
http://en.wikipedia.org/wiki/Archipelago,Archipelago
http://en.wikipedia.org/wiki/List_of_islands_of_Japan,List of islands of Japan
http://en.wikipedia.org/wiki/Honshu,Honshu
http://en.wikipedia.org/wiki/Hokkaido,Hokkaido
http://en.wikipedia.org/wiki/Kyushu,Kyushu
http://en.wikipedia.org/wiki/Shikoku,Shikoku
http://en.wikipedia.org/wiki/List_of_countries_by_population,List of countries by population
http://en.wikipedia.org/wiki/Greater_Tokyo_Area,Greater Tokyo Area
http://en.wikipedia.org/wiki/Capital_of_Japan,Capital of Japan
http://en.wikipedia.org/wiki/Tokyo,Tokyo
http://en.wikipedia.org/wiki/Prefectures_of_Japan,Prefectures of Japan
http://en.wikipedia.org/wiki/Upper_Paleolithic,Upper Paleolithic
http://en.wikipedia.org/wiki/History_of_China,History of China
http://en.wikipedia.org/wiki/History_of_Japan,History of Japan
http://en.wikipedia.org/wiki/Shogun,Shogun
http://en.wikipedia.org/wiki/Emperor_Meiji,Emperor Meiji
http://en.wikipedia.org/wiki/Empire_of_Japan,Empire of Japan
http://en.wikipedia.org/wiki/First_Sino-Japanese_War,First Sino-Japanese War
http://en.wikipedia.org/wiki/Russo-Japanese_War,Russo-Japanese War
http://en.wikipedia.org/wiki/World_War_I,World War I
http://en.wikipedia.org/wiki/Second_Sino-Japanese_War,Second Sino-Japanese War
http://en.wikipedia.org/wiki/World_War_II,World War II
http://en.wikipedia.org/wiki/Atomic_bombings_of_Hiroshima_and_Nagasaki,Atomic bombings of Hiroshima and Nagasaki
http://en.wikipedia.org/wiki/Constitution_of_Japan,Constitution of Japan
http://en.wikipedia.org/wiki/Constitutional_monarchy,Constitutional monarchy
http://en.wikipedia.org/wiki/Emperor_of_Japan,Emperor of Japan
http://en.wikipedia.org/wiki/Diet_of_Japan,Diet of Japan
http://en.wikipedia.org/wiki/Great_power,Great power
http://en.wikipedia.org/wiki/List_of_countries_by_exports,List of countries by exports
http://en.wikipedia.org/wiki/List_of_countries_by_imports,List of countries by imports
http://en.wikipedia.org/wiki/Article_9_of_the_Japanese_Constitution,Article 9 of the Japanese Constitution
http://en.wikipedia.org/wiki/List_of_countries_by_military_expenditures,List of countries by military expenditures
http://en.wikipedia.org/wiki/Human_Development_Index,Human Development Index
http://en.wikipedia.org/wiki/Women_in_Japan,Women in Japan
http://en.wikipedia.org/wiki/Life_expectancy,Life expectancy
http://en.wikipedia.org/wiki/Infant_mortality,Infant mortality
http://en.wikipedia.org/wiki/Names_of_Japan,Names of Japan
http://en.wikipedia.org/wiki/Chinese_language,Chinese language
http://en.wikipedia.org/wiki/Meiji_Restoration,Meiji Restoration
http://en.wikipedia.org/wiki/World_War_II,World War II
http://en.wikipedia.org/wiki/Empire_of_Japan,Empire of Japan
http://en.wikipedia.org/wiki/Japanese_people,Japanese people
http://en.wikipedia.org/wiki/Japanese_missions_to_Imperial_China,Japanese missions to Imperial China
http://en.wikipedia.org/wiki/Nanban_trade,Nanban trade
http://en.wikipedia.org/wiki/Old_Mandarin,Old Mandarin
http://en.wikipedia.org/wiki/Wu_Chinese,Wu Chinese
http://en.wikipedia.org/wiki/Marco_Polo,Marco Polo
http://en.wikipedia.org/wiki/Shanghainese,Shanghainese
http://en.wikipedia.org/wiki/Malay_language,Malay language
http://en.wikipedia.org/wiki/Hokkien,Hokkien
http://en.wikipedia.org/wiki/Ningbo_dialect,Ningbo dialect
http://en.wikipedia.org/wiki/Portuguese_Empire,Portuguese Empire
http://en.wikipedia.org/wiki/Portuguese_Malacca,Portuguese Malacca
http://en.wikipedia.org/wiki/History_of_Japan,History of Japan
http://en.wikipedia.org/wiki/National_Treasures_of_Japan,National Treasures of Japan
http://en.wikipedia.org/wiki/List_of_World_Heritage_Sites_in_Japan,List of World Heritage Sites in Japan
http://en.wikipedia.org/wiki/Japanese_Paleolithic,Japanese Paleolithic
http://en.wikipedia.org/wiki/Mesolithic,Mesolithic
http://en.wikipedia.org/wiki/Neolithic,Neolithic
http://en.wikipedia.org/wiki/Hunter-gatherer,Hunter-gatherer
http://en.wikipedia.org/wiki/Ainu_people,Ainu people
http://en.wikipedia.org/wiki/Yamato_people,Yamato people
http://en.wikipedia.org/wiki/Yayoi_period#Origin_of_the_Yayoi_people,Yayoi period
http://en.wikipedia.org/wiki/Yayoi_period,Yayoi period
http://en.wikipedia.org/wiki/Rice,Rice
http://en.wikipedia.org/wiki/Metallurgy,Metallurgy
http://en.wikipedia.org/wiki/Book_of_Han,Book of Han
http://en.wikipedia.org/wiki/Records_of_the_Three_Kingdoms,Records of the Three Kingdoms
http://en.wikipedia.org/wiki/Yamatai,Yamatai
http://en.wikipedia.org/wiki/Baekje,Baekje
http://en.wikipedia.org/wiki/Korea,Korea
http://en.wikipedia.org/wiki/Buddhism_in_Japan,Buddhism in Japan
http://en.wikipedia.org/wiki/Asuka_period,Asuka period
http://en.wikipedia.org/wiki/Nara_period,Nara period
http://en.wikipedia.org/wiki/Nara,_Nara,Nara, Nara
http://en.wikipedia.org/wiki/Japanese_literature,Japanese literature
http://en.wikipedia.org/wiki/Historic_Monuments_of_Ancient_Nara,Historic Monuments of Ancient Nara
http://en.wikipedia.org/wiki/Smallpox,Smallpox
http://en.wikipedia.org/wiki/Emperor_Kammu,Emperor Kammu
http://en.wikipedia.org/wiki/Kyoto,Kyoto
http://en.wikipedia.org/wiki/Mongol_invasions_of_Japan,Mongol invasions of Japan
http://en.wikipedia.org/wiki/Heian_period,Heian period
http://en.wikipedia.org/wiki/Japanese_art,Japanese art
http://en.wikipedia.org/wiki/Japanese_poetry,Japanese poetry
http://en.wikipedia.org/wiki/Murasaki_Shikibu,Murasaki Shikibu
http://en.wikipedia.org/wiki/The_Tale_of_Genji,The Tale of Genji
http://en.wikipedia.org/wiki/Kimigayo,Kimigayo
http://en.wikipedia.org/wiki/Tendai,Tendai
http://en.wikipedia.org/wiki/Shingon,Shingon
http://en.wikipedia.org/wiki/Pure_Land_Buddhism,Pure Land Buddhism
http://en.wikipedia.org/wiki/Samurai,Samurai
http://en.wikipedia.org/wiki/Taira_clan,Taira clan
http://en.wikipedia.org/wiki/Genpei_war,Genpei war
http://en.wikipedia.org/wiki/The_Tale_of_the_Heike,The Tale of the Heike
http://en.wikipedia.org/wiki/Minamoto_no_Yoritomo,Minamoto no Yoritomo
http://en.wikipedia.org/wiki/Shogun,Shogun
http://en.wikipedia.org/wiki/Kamakura,_Kanagawa,Kamakura, Kanagawa
http://en.wikipedia.org/wiki/Zen,Zen
http://en.wikipedia.org/wiki/Kamakura_period,Kamakura period
http://en.wikipedia.org/wiki/Kamakura_shogunate,Kamakura shogunate
http://en.wikipedia.org/wiki/Mongol_invasions_of_Japan,Mongol invasions of Japan
http://en.wikipedia.org/wiki/Kenmu_Restoration,Kenmu Restoration
http://en.wikipedia.org/wiki/Ashikaga_Takauji,Ashikaga Takauji
http://en.wikipedia.org/wiki/Samurai,Samurai
http://en.wikipedia.org/wiki/Kiri-sute_gomen,Kiri-sute gomen
http://en.wikipedia.org/wiki/Edo_period,Edo period
http://en.wikipedia.org/wiki/Kyoto,_Kyoto,Kyoto, Kyoto
http://en.wikipedia.org/wiki/Muromachi_Period,Muromachi Period
http://en.wikipedia.org/wiki/Ashikaga_shogunate,Ashikaga shogunate
http://en.wikipedia.org/wiki/Ashikaga_Yoshimitsu,Ashikaga Yoshimitsu
http://en.wikipedia.org/wiki/Miyabi,Miyabi
http://en.wikipedia.org/wiki/Higashiyama_period,Higashiyama period
http://en.wikipedia.org/wiki/Daimyo,Daimyo
http://en.wikipedia.org/wiki/Sengoku_period,Sengoku period
http://en.wikipedia.org/wiki/Society_of_Jesus,Society of Jesus
http://en.wikipedia.org/wiki/Missionary,Missionary
http://en.wikipedia.org/wiki/Portugal,Portugal
http://en.wikipedia.org/wiki/Nanban_trade,Nanban trade
http://en.wikipedia.org/wiki/Nanban_art,Nanban art
http://en.wikipedia.org/wiki/Oda_Nobunaga,Oda Nobunaga
http://en.wikipedia.org/wiki/Toyotomi_Hideyoshi,Toyotomi Hideyoshi
http://en.wikipedia.org/wiki/Ming_Dynasty,Ming Dynasty
http://en.wikipedia.org/wiki/Tokugawa_Ieyasu,Tokugawa Ieyasu
http://en.wikipedia.org/wiki/Toyotomi_Hideyori,Toyotomi Hideyori
http://en.wikipedia.org/wiki/Battle_of_Sekigahara,Battle of Sekigahara
http://en.wikipedia.org/wiki/Tokugawa_shogunate,Tokugawa shogunate
http://en.wikipedia.org/wiki/Edo,Edo
http://en.wikipedia.org/wiki/Buke_shohatto,Buke shohatto
http://en.wikipedia.org/wiki/Sakoku,Sakoku
http://en.wikipedia.org/wiki/Edo_period,Edo period
http://en.wikipedia.org/wiki/Rangaku,Rangaku
http://en.wikipedia.org/wiki/Dejima,Dejima
http://en.wikipedia.org/wiki/Nagasaki,Nagasaki
http://en.wikipedia.org/wiki/Kokugaku,Kokugaku
http://en.wikipedia.org/wiki/Matthew_C._Perry,Matthew C. Perry
http://en.wikipedia.org/wiki/Black_Ships,Black Ships
http://en.wikipedia.org/wiki/United_States_Navy,United States Navy
http://en.wikipedia.org/wiki/Convention_of_Kanagawa,Convention of Kanagawa
http://en.wikipedia.org/wiki/Bakumatsu,Bakumatsu
http://en.wikipedia.org/wiki/Boshin_War,Boshin War
http://en.wikipedia.org/wiki/Abolition_of_the_han_system,Abolition of the han system
http://en.wikipedia.org/wiki/Meiji_Restoration,Meiji Restoration
http://en.wikipedia.org/wiki/First_Sino-Japanese_War,First Sino-Japanese War
http://en.wikipedia.org/wiki/Cabinet_of_Japan,Cabinet of Japan
http://en.wikipedia.org/wiki/Meiji_Constitution,Meiji Constitution
http://en.wikipedia.org/wiki/Diet_of_Japan,Diet of Japan
http://en.wikipedia.org/wiki/Empire_of_Japan,Empire of Japan
http://en.wikipedia.org/wiki/First_Sino-Japanese_War,First Sino-Japanese War
http://en.wikipedia.org/wiki/Russo-Japanese_War,Russo-Japanese War
http://en.wikipedia.org/wiki/Sakhalin,Sakhalin
http://en.wikipedia.org/wiki/Emperor_Meiji,Emperor Meiji
http://en.wikipedia.org/wiki/Meiji_Restoration,Meiji Restoration
http://en.wikipedia.org/wiki/Tokugawa_shogunate,Tokugawa shogunate
http://en.wikipedia.org/wiki/Expansionism,Expansionism
http://en.wikipedia.org/wiki/Japanese_militarism,Japanese militarism
http://en.wikipedia.org/wiki/World_War_I,World War I
http://en.wikipedia.org/wiki/Allies_of_World_War_I,Allies of World War I
http://en.wikipedia.org/wiki/Japan_during_World_War_I,Japan during World War I
http://en.wikipedia.org/wiki/Manchuria,Manchuria
http://en.wikipedia.org/wiki/Lytton_Report,Lytton Report
http://en.wikipedia.org/wiki/League_of_Nations,League of Nations
http://en.wikipedia.org/wiki/Anti-Comintern_Pact,Anti-Comintern Pact
http://en.wikipedia.org/wiki/Nazi_Germany,Nazi Germany
http://en.wikipedia.org/wiki/Tripartite_Pact,Tripartite Pact
http://en.wikipedia.org/wiki/Second_Sino-Japanese_War,Second Sino-Japanese War
http://en.wikipedia.org/wiki/Nanjing,Nanjing
http://en.wikipedia.org/wiki/Nanking_Massacre,Nanking Massacre
http://en.wikipedia.org/wiki/Japanese_invasion_of_French_Indochina,Japanese invasion of French Indochina
http://en.wikipedia.org/wiki/Attack_on_Pearl_Harbor,Attack on Pearl Harbor
http://en.wikipedia.org/wiki/Pearl_Harbor,Pearl Harbor
http://en.wikipedia.org/wiki/Soviet_invasion_of_Manchuria,Soviet invasion of Manchuria
http://en.wikipedia.org/wiki/Atomic_bombings_of_Hiroshima_and_Nagasaki,Atomic bombings of Hiroshima and Nagasaki
http://en.wikipedia.org/wiki/Surrender_of_Japan,Surrender of Japan
http://en.wikipedia.org/wiki/Greater_East_Asia_Co-Prosperity_Sphere,Greater East Asia Co-Prosperity Sphere
http://en.wikipedia.org/wiki/Allies_of_World_War_II,Allies of World War II
http://en.wikipedia.org/wiki/Japanese_diaspora,Japanese diaspora
http://en.wikipedia.org/wiki/International_Military_Tribunal_for_the_Far_East,International Military Tribunal for the Far East
http://en.wikipedia.org/wiki/Japanese_war_crimes,Japanese war crimes
http://en.wikipedia.org/wiki/Unit_731,Unit 731
http://en.wikipedia.org/wiki/Supreme_Allied_Commander,Supreme Allied Commander
http://en.wikipedia.org/wiki/Constitution_of_Japan,Constitution of Japan
http://en.wikipedia.org/wiki/Occupation_of_Japan,Occupation of Japan
http://en.wikipedia.org/wiki/Treaty_of_San_Francisco,Treaty of San Francisco
http://en.wikipedia.org/wiki/Japanese_post-war_economic_miracle,Japanese post-war economic miracle
http://en.wikipedia.org/wiki/Japanese_asset_price_bubble,Japanese asset price bubble
http://en.wikipedia.org/wiki/Fukushima_Daiichi_nuclear_disaster,Fukushima Daiichi nuclear disaster
http://en.wikipedia.org/wiki/Nuclear_power,Nuclear power
http://en.wikipedia.org/wiki/Akihito,Akihito
http://en.wikipedia.org/wiki/Empress_Michiko,Empress Michiko
http://en.wikipedia.org/wiki/Constitutional_monarchy,Constitutional monarchy
http://en.wikipedia.org/wiki/Emperor_of_Japan,Emperor of Japan
http://en.wikipedia.org/wiki/Constitution_of_Japan,Constitution of Japan
http://en.wikipedia.org/wiki/Prime_Minister_of_Japan,Prime Minister of Japan
http://en.wikipedia.org/wiki/Akihito,Akihito
http://en.wikipedia.org/wiki/Crown_Prince_Naruhito,Crown Prince Naruhito
http://en.wikipedia.org/wiki/Diet_of_Japan,Diet of Japan
http://en.wikipedia.org/wiki/House_of_Representatives_of_Japan,House of Representatives of Japan
http://en.wikipedia.org/wiki/House_of_Councillors,House of Councillors
http://en.wikipedia.org/wiki/Universal_suffrage,Universal suffrage
http://en.wikipedia.org/wiki/Secret_ballot,Secret ballot
http://en.wikipedia.org/wiki/Democratic_Party_of_Japan,Democratic Party of Japan
http://en.wikipedia.org/wiki/Minister_of_State,Minister of State
http://en.wikipedia.org/wiki/Japanese_general_election,_2012,Japanese general election, 2012
http://en.wikipedia.org/wiki/Yoshihiko_Noda,Yoshihiko Noda
http://en.wikipedia.org/wiki/Chinese_law,Chinese law
http://en.wikipedia.org/wiki/Law_of_Japan,Law of Japan
http://en.wikipedia.org/wiki/Edo,Edo
http://en.wikipedia.org/wiki/Kujikata_Osadamegaki,Kujikata Osadamegaki
http://en.wikipedia.org/wiki/Judicial_system_of_Japan,Judicial system of Japan
http://en.wikipedia.org/wiki/Supreme_Court_of_Japan,Supreme Court of Japan
http://en.wikipedia.org/wiki/Six_Codes,Six Codes
http://en.wikipedia.org/wiki/Foreign_relations_of_Japan,Foreign relations of Japan
http://en.wikipedia.org/wiki/Japan_Self-Defense_Forces,Japan Self-Defense Forces
http://en.wikipedia.org/wiki/Guided_missile_destroyer,Guided missile destroyer
http://en.wikipedia.org/wiki/RIM-161_Standard_Missile_3,RIM-161 Standard Missile 3
http://en.wikipedia.org/wiki/Anti-ballistic_missile,Anti-ballistic missile
http://en.wikipedia.org/wiki/G8,G8
http://en.wikipedia.org/wiki/Asia-Pacific_Economic_Cooperation,Asia-Pacific Economic Cooperation
http://en.wikipedia.org/wiki/ASEAN_Plus_Three,ASEAN Plus Three
http://en.wikipedia.org/wiki/East_Asia_Summit,East Asia Summit
http://en.wikipedia.org/wiki/Australia,Australia
http://en.wikipedia.org/wiki/India,India
http://en.wikipedia.org/wiki/Official_development_assistance,Official development assistance
http://en.wikipedia.org/wiki/United_Nations_Security_Council,United Nations Security Council
http://en.wikipedia.org/wiki/List_of_members_of_the_United_Nations_Security_Council#List_by_number_of_years_as_Security_Council_member,List of members of the United Nations Security Council
http://en.wikipedia.org/wiki/G4_nations,G4 nations
http://en.wikipedia.org/wiki/Kuril_Islands_dispute,Kuril Islands dispute
http://en.wikipedia.org/wiki/Liancourt_Rocks,Liancourt Rocks
http://en.wikipedia.org/wiki/Senkaku_Islands,Senkaku Islands
http://en.wikipedia.org/wiki/Exclusive_economic_zone,Exclusive economic zone
http://en.wikipedia.org/wiki/Okinotorishima,Okinotorishima
http://en.wikipedia.org/wiki/North_Korea,North Korea
http://en.wikipedia.org/wiki/North_Korean_abductions_of_Japanese_citizens,North Korean abductions of Japanese citizens
http://en.wikipedia.org/wiki/North_Korea_and_weapons_of_mass_destruction,North Korea and weapons of mass destruction
http://en.wikipedia.org/wiki/Six-party_talks,Six-party talks
http://en.wikipedia.org/wiki/Iraq_War,Iraq War
http://en.wikipedia.org/wiki/Japan_Maritime_Self-Defense_Force,Japan Maritime Self-Defense Force
http://en.wikipedia.org/wiki/RIMPAC,RIMPAC
http://en.wikipedia.org/wiki/Japan_Ground_Self-Defense_Force,Japan Ground Self-Defense Force
http://en.wikipedia.org/wiki/Japan_Air_Self-Defense_Force,Japan Air Self-Defense Force
http://en.wikipedia.org/wiki/Japanese_Iraq_Reconstruction_and_Support_Group,Japanese Iraq Reconstruction and Support Group
http://en.wikipedia.org/wiki/Nippon_Keidanren,Nippon Keidanren
http://en.wikipedia.org/wiki/Joint_Strike_Fighter_program,Joint Strike Fighter program
http://en.wikipedia.org/wiki/Prefectures_of_Japan,Prefectures of Japan
http://en.wikipedia.org/wiki/Regions_of_Japan,Regions of Japan
http://en.wikipedia.org/wiki/Cities_of_Japan,Cities of Japan
http://en.wikipedia.org/wiki/Towns_of_Japan,Towns of Japan
http://en.wikipedia.org/wiki/Villages_of_Japan,Villages of Japan
http://en.wikipedia.org/wiki/Merger_and_dissolution_of_municipalities_of_Japan,Merger and dissolution of municipalities of Japan
http://en.wikipedia.org/wiki/Hokkaido,Hokkaido
http://en.wikipedia.org/wiki/Geography_of_Japan,Geography of Japan
http://en.wikipedia.org/wiki/Geology_of_Japan,Geology of Japan
http://en.wikipedia.org/wiki/Japanese_archipelago,Japanese archipelago
http://en.wikipedia.org/wiki/Pacific_coast,Pacific coast
http://en.wikipedia.org/wiki/Hokkaido,Hokkaido
http://en.wikipedia.org/wiki/Honshu,Honshu
http://en.wikipedia.org/wiki/Shikoku,Shikoku
http://en.wikipedia.org/wiki/Kyushu,Kyushu
http://en.wikipedia.org/wiki/Ryukyu_Islands,Ryukyu Islands
http://en.wikipedia.org/wiki/Okinawa,Okinawa
http://en.wikipedia.org/wiki/Japanese_Archipelago,Japanese Archipelago
http://en.wikipedia.org/wiki/Agriculture,_forestry,_and_fishing_in_Japan,Agriculture, forestry, and fishing in Japan
http://en.wikipedia.org/wiki/Manufacturing_in_Japan,Manufacturing in Japan
http://en.wikipedia.org/wiki/Housing_in_Japan,Housing in Japan
http://en.wikipedia.org/wiki/List_of_countries_by_population_density,List of countries by population density
http://en.wikipedia.org/wiki/Volcano,Volcano
http://en.wikipedia.org/wiki/Pacific_Ring_of_Fire,Pacific Ring of Fire
http://en.wikipedia.org/wiki/Subduction,Subduction
http://en.wikipedia.org/wiki/Philippine_Sea_Plate,Philippine Sea Plate
http://en.wikipedia.org/wiki/Amurian_Plate,Amurian Plate
http://en.wikipedia.org/wiki/Okinawa_Plate,Okinawa Plate
http://en.wikipedia.org/wiki/Pacific_Plate,Pacific Plate
http://en.wikipedia.org/wiki/Okhotsk_Plate,Okhotsk Plate
http://en.wikipedia.org/wiki/Sea_of_Japan,Sea of Japan
http://en.wikipedia.org/wiki/Tsunami,Tsunami
http://en.wikipedia.org/wiki/Great_Hanshin_earthquake,Great Hanshin earthquake
http://en.wikipedia.org/wiki/Climate_of_Japan,Climate of Japan
http://en.wikipedia.org/wiki/Cherry_blossom,Cherry blossom
http://en.wikipedia.org/wiki/Mount_Yoshino,Mount Yoshino
http://en.wikipedia.org/wiki/Autumn,Autumn
http://en.wikipedia.org/wiki/Maple_tree,Maple tree
http://en.wikipedia.org/wiki/Momiji,Momiji
http://en.wikipedia.org/wiki/Temperate,Temperate
http://en.wikipedia.org/wiki/Seto_Inland_Sea,Seto Inland Sea
http://en.wikipedia.org/wiki/Humid_continental_climate,Humid continental climate
http://en.wikipedia.org/wiki/Foehn_wind,Foehn wind
http://en.wikipedia.org/wiki/Humid_subtropical,Humid subtropical
http://en.wikipedia.org/wiki/Subtropics,Subtropics
http://en.wikipedia.org/wiki/Japanese_art,Japanese art
http://en.wikipedia.org/wiki/Japanese_literature,Japanese literature
http://en.wikipedia.org/wiki/East_Asian_rainy_season,East Asian rainy season
http://en.wikipedia.org/wiki/Typhoon,Typhoon
http://en.wikipedia.org/wiki/Japanese_macaque,Japanese macaque
http://en.wikipedia.org/wiki/Jigokudani_Monkey_Park,Jigokudani Monkey Park
http://en.wikipedia.org/wiki/Ecoregions_in_Japan,Ecoregions in Japan
http://en.wikipedia.org/wiki/Tropical_and_subtropical_moist_broadleaf_forests,Tropical and subtropical moist broadleaf forests
http://en.wikipedia.org/wiki/Bonin_Islands,Bonin Islands
http://en.wikipedia.org/wiki/Temperate_broadleaf_and_mixed_forests,Temperate broadleaf and mixed forests
http://en.wikipedia.org/wiki/Temperate_coniferous_forest,Temperate coniferous forest
http://en.wikipedia.org/wiki/Wildlife_of_Japan,Wildlife of Japan
http://en.wikipedia.org/wiki/Brown_bear,Brown bear
http://en.wikipedia.org/wiki/Japanese_macaque,Japanese macaque
http://en.wikipedia.org/wiki/Japanese_raccoon_dog,Japanese raccoon dog
http://en.wikipedia.org/wiki/Japanese_giant_salamander,Japanese giant salamander
http://en.wikipedia.org/wiki/List_of_national_parks_of_Japan,List of national parks of Japan
http://en.wikipedia.org/wiki/Ramsar_sites_in_Japan,Ramsar sites in Japan
http://en.wikipedia.org/wiki/World_Heritage_Sites_in_Japan,World Heritage Sites in Japan
http://en.wikipedia.org/wiki/Environmental_issues_in_Japan,Environmental issues in Japan
http://en.wikipedia.org/wiki/World_War_II,World War II
http://en.wikipedia.org/wiki/Four_Big_Pollution_Diseases_of_Japan,Four Big Pollution Diseases of Japan
http://en.wikipedia.org/wiki/1973_oil_crisis,1973 oil crisis
http://en.wikipedia.org/wiki/NOx,NOx
http://en.wikipedia.org/wiki/Waste_management,Waste management
http://en.wikipedia.org/wiki/Eutrophication,Eutrophication
http://en.wikipedia.org/wiki/Nature_conservation,Nature conservation
http://en.wikipedia.org/wiki/Environmental_Performance_Index,Environmental Performance Index
http://en.wikipedia.org/wiki/Kyoto_Protocol,Kyoto Protocol
http://en.wikipedia.org/wiki/Economy_of_Japan,Economy of Japan
http://en.wikipedia.org/wiki/Tokyo_Stock_Exchange,Tokyo Stock Exchange
http://en.wikipedia.org/wiki/Futures_contract,Futures contract
http://en.wikipedia.org/wiki/Osaka_rice_brokers,Osaka rice brokers
http://en.wikipedia.org/wiki/Market_economy,Market economy
http://en.wikipedia.org/wiki/Japanese_post-war_economic_miracle,Japanese post-war economic miracle
http://en.wikipedia.org/wiki/Japanese_asset_price_bubble,Japanese asset price bubble
http://en.wikipedia.org/wiki/Dot-com_bubble,Dot-com bubble
http://en.wikipedia.org/wiki/European_Union,European Union
http://en.wikipedia.org/wiki/Nominal_GDP,Nominal GDP
http://en.wikipedia.org/wiki/Purchasing_power_parity,Purchasing power parity
http://en.wikipedia.org/wiki/Government_debt,Government debt
http://en.wikipedia.org/wiki/Service_sector,Service sector
http://en.wikipedia.org/wiki/Electronics,Electronics
http://en.wikipedia.org/wiki/Machine_tool,Machine tool
http://en.wikipedia.org/wiki/Chemical_substance,Chemical substance
http://en.wikipedia.org/wiki/Food_processing,Food processing
http://en.wikipedia.org/wiki/Agriculture,_forestry,_and_fishing_in_Japan,Agriculture, forestry, and fishing in Japan
http://en.wikipedia.org/wiki/List_of_countries_by_unemployment_rate,List of countries by unemployment rate
http://en.wikipedia.org/wiki/Housing_in_Japan,Housing in Japan
http://en.wikipedia.org/wiki/Hybrid_vehicle,Hybrid vehicle
http://en.wikipedia.org/wiki/Toyota,Toyota
http://en.wikipedia.org/wiki/Saudi_Arabia,Saudi Arabia
http://en.wikipedia.org/wiki/United_Arab_Emirates,United Arab Emirates
http://en.wikipedia.org/wiki/Fossil_fuel,Fossil fuel
http://en.wikipedia.org/wiki/Organisation_for_Economic_Co-operation_and_Development,Organisation for Economic Co-operation and Development
http://en.wikipedia.org/wiki/Junichiro_Koizumi,Junichiro Koizumi
http://en.wikipedia.org/wiki/Ease_of_doing_business_index,Ease of doing business index
http://en.wikipedia.org/wiki/List_of_countries_by_tax_revenue_as_percentage_of_GDP,List of countries by tax revenue as percentage of GDP
http://en.wikipedia.org/wiki/Keiretsu,Keiretsu
http://en.wikipedia.org/wiki/Permanent_employment,Permanent employment
http://en.wikipedia.org/wiki/Japanese_work_environment,Japanese work environment
http://en.wikipedia.org/wiki/The_Toyota_Way,The Toyota Way
http://en.wikipedia.org/wiki/Shareholder_activism,Shareholder activism
http://en.wikipedia.org/wiki/Toyota,Toyota
http://en.wikipedia.org/wiki/Nintendo,Nintendo
http://en.wikipedia.org/wiki/NTT_DoCoMo,NTT DoCoMo
http://en.wikipedia.org/wiki/Canon_Inc.,Canon Inc.
http://en.wikipedia.org/wiki/Honda,Honda
http://en.wikipedia.org/wiki/Takeda_Pharmaceutical_Company,Takeda Pharmaceutical Company
http://en.wikipedia.org/wiki/Sony,Sony
http://en.wikipedia.org/wiki/Panasonic_Corporation,Panasonic Corporation
http://en.wikipedia.org/wiki/Toshiba,Toshiba
http://en.wikipedia.org/wiki/Sharp_Corporation,Sharp Corporation
http://en.wikipedia.org/wiki/Nippon_Steel,Nippon Steel
http://en.wikipedia.org/wiki/Nippon_Oil,Nippon Oil
http://en.wikipedia.org/wiki/Tokyo_Stock_Exchange,Tokyo Stock Exchange
http://en.wikipedia.org/wiki/Nikkei_225,Nikkei 225
http://en.wikipedia.org/wiki/TOPIX,TOPIX
http://en.wikipedia.org/wiki/Market_capitalization,Market capitalization
http://en.wikipedia.org/wiki/Forbes_Global_2000,Forbes Global 2000
http://en.wikipedia.org/wiki/Shale,Shale
http://en.wikipedia.org/wiki/Natural_gas,Natural gas
http://en.wikipedia.org/wiki/Science_and_technology_in_Japan,Science and technology in Japan
http://en.wikipedia.org/wiki/Japanese_Experiment_Module,Japanese Experiment Module
http://en.wikipedia.org/wiki/International_Space_Station,International Space Station
http://en.wikipedia.org/wiki/Biomedical_research,Biomedical research
http://en.wikipedia.org/wiki/Research_and_development,Research and development
http://en.wikipedia.org/wiki/Fundamental_research,Fundamental research
http://en.wikipedia.org/wiki/Nobel_Prize,Nobel Prize
http://en.wikipedia.org/wiki/Fields_Medal,Fields Medal
http://en.wikipedia.org/wiki/Carl_Friedrich_Gauss_Prize,Carl Friedrich Gauss Prize
http://en.wikipedia.org/wiki/Earthquake_engineering,Earthquake engineering
http://en.wikipedia.org/wiki/Industrial_robot,Industrial robot
http://en.wikipedia.org/wiki/Optics,Optics
http://en.wikipedia.org/wiki/Semiconductor,Semiconductor
http://en.wikipedia.org/wiki/Robotics,Robotics
http://en.wikipedia.org/wiki/Japan_Aerospace_Exploration_Agency,Japan Aerospace Exploration Agency
http://en.wikipedia.org/wiki/Space_agency,Space agency
http://en.wikipedia.org/wiki/International_Space_Station,International Space Station
http://en.wikipedia.org/wiki/Japanese_Experiment_Module,Japanese Experiment Module
http://en.wikipedia.org/wiki/Space_Shuttle,Space Shuttle
http://en.wikipedia.org/wiki/Space_exploration,Space exploration
http://en.wikipedia.org/wiki/Space_probe,Space probe
http://en.wikipedia.org/wiki/Venus,Venus
http://en.wikipedia.org/wiki/Mercury_Magnetospheric_Orbiter,Mercury Magnetospheric Orbiter
http://en.wikipedia.org/wiki/Colonization_of_the_Moon,Colonization of the Moon
http://en.wikipedia.org/wiki/SELENE,SELENE
http://en.wikipedia.org/wiki/H-IIA,H-IIA
http://en.wikipedia.org/wiki/Tanegashima_Space_Center,Tanegashima Space Center
http://en.wikipedia.org/wiki/The_Tale_of_the_Bamboo_Cutter,The Tale of the Bamboo Cutter
http://en.wikipedia.org/wiki/Apollo_program,Apollo program
http://en.wikipedia.org/wiki/Moon#Formation,Moon
http://en.wikipedia.org/wiki/Energy_in_Japan,Energy in Japan
http://en.wikipedia.org/wiki/Transport_in_Japan,Transport in Japan
http://en.wikipedia.org/wiki/Shinkansen,Shinkansen
http://en.wikipedia.org/wiki/Tokyo_Station,Tokyo Station
http://en.wikipedia.org/wiki/Nuclear_power_in_Japan,Nuclear power in Japan
http://en.wikipedia.org/wiki/Hydropower,Hydropower
http://en.wikipedia.org/wiki/Fukushima_Daiichi_nuclear_disaster,Fukushima Daiichi nuclear disaster
http://en.wikipedia.org/wiki/List_of_countries_by_oil_imports,List of countries by oil imports
http://en.wikipedia.org/wiki/Toll_road,Toll road
http://en.wikipedia.org/wiki/List_of_railway_companies_in_Japan,List of railway companies in Japan
http://en.wikipedia.org/wiki/Japan_Railways_Group,Japan Railways Group
http://en.wikipedia.org/wiki/Kintetsu,Kintetsu
http://en.wikipedia.org/wiki/Seibu_Railway,Seibu Railway
http://en.wikipedia.org/wiki/Keio_Corporation,Keio Corporation
http://en.wikipedia.org/wiki/Shinkansen,Shinkansen
http://en.wikipedia.org/wiki/Haneda_Airport,Haneda Airport
http://en.wikipedia.org/wiki/Narita_International_Airport,Narita International Airport
http://en.wikipedia.org/wiki/Kansai_International_Airport,Kansai International Airport
http://en.wikipedia.org/wiki/Nagoya_Port,Nagoya Port
http://en.wikipedia.org/wiki/Demographics_of_Japan,Demographics of Japan
http://en.wikipedia.org/wiki/Japanese_people,Japanese people
http://en.wikipedia.org/wiki/Ethnic_issues_in_Japan,Ethnic issues in Japan
http://en.wikipedia.org/wiki/Ainu_people,Ainu people
http://en.wikipedia.org/wiki/Meiji_Shrine,Meiji Shrine
http://en.wikipedia.org/wiki/Linguistics,Linguistics
http://en.wikipedia.org/wiki/Koreans_in_Japan,Koreans in Japan
http://en.wikipedia.org/wiki/Chinese_people_in_Japan,Chinese people in Japan
http://en.wikipedia.org/wiki/Filipinos_in_Japan,Filipinos in Japan
http://en.wikipedia.org/wiki/Brazilian_people,Brazilian people
http://en.wikipedia.org/wiki/Japanese_Brazilian,Japanese Brazilian
http://en.wikipedia.org/wiki/Peruvian_people,Peruvian people
http://en.wikipedia.org/wiki/Japanese_Peruvian,Japanese Peruvian
http://en.wikipedia.org/wiki/Latin_Americans,Latin Americans
http://en.wikipedia.org/wiki/Brazilians_in_Japan,Brazilians in Japan
http://en.wikipedia.org/wiki/Nikkeijin,Nikkeijin
http://en.wikipedia.org/wiki/Yamato_people,Yamato people
http://en.wikipedia.org/wiki/Ainu_people,Ainu people
http://en.wikipedia.org/wiki/Ryukyuan_people,Ryukyuan people
http://en.wikipedia.org/wiki/Burakumin,Burakumin
http://en.wikipedia.org/wiki/Bonin_Islands,Bonin Islands
http://en.wikipedia.org/wiki/Multiethnic_society,Multiethnic society
http://en.wikipedia.org/wiki/John_Lie,John Lie
http://en.wikipedia.org/wiki/Monoculturalism,Monoculturalism
http://en.wikipedia.org/wiki/Ainu_people,Ainu people
http://en.wikipedia.org/wiki/Ryukyuan_people,Ryukyuan people
http://en.wikipedia.org/wiki/Life_expectancy,Life expectancy
http://en.wikipedia.org/wiki/Aging_of_Japan,Aging of Japan
http://en.wikipedia.org/wiki/Immigration,Immigration
http://en.wikipedia.org/wiki/United_Nations_High_Commissioner_for_Refugees,United Nations High Commissioner for Refugees
http://en.wikipedia.org/wiki/Suicide_in_Japan,Suicide in Japan
http://en.wikipedia.org/wiki/Template_talk:Largest_cities_of_China,Template talk:Largest cities of China
http://en.wikipedia.org/wiki/List_of_cities_in_Japan_by_population,List of cities in Japan by population
http://en.wikipedia.org/wiki/List_of_cities_in_Japan,List of cities in Japan
http://en.wikipedia.org/wiki/Prefectures_of_Japan,Prefectures of Japan
http://en.wikipedia.org/wiki/List_of_cities_in_Japan_by_population,List of cities in Japan by population
http://en.wikipedia.org/wiki/List_of_cities_in_Japan_by_population,List of cities in Japan by population
http://en.wikipedia.org/wiki/List_of_cities_in_Japan,List of cities in Japan
http://en.wikipedia.org/wiki/Prefectures_of_Japan,Prefectures of Japan
http://en.wikipedia.org/wiki/List_of_cities_in_Japan_by_population,List of cities in Japan by population
http://en.wikipedia.org/wiki/Tokyo,Tokyo
http://en.wikipedia.org/wiki/Yokohama,Yokohama
http://en.wikipedia.org/wiki/Tokyo,Tokyo
http://en.wikipedia.org/wiki/Tokyo,Tokyo
http://en.wikipedia.org/wiki/Hiroshima,Hiroshima
http://en.wikipedia.org/wiki/Hiroshima_Prefecture,Hiroshima Prefecture
http://en.wikipedia.org/wiki/Osaka,Osaka
http://en.wikipedia.org/wiki/Nagoya,Nagoya
http://en.wikipedia.org/wiki/Yokohama,Yokohama
http://en.wikipedia.org/wiki/Kanagawa_Prefecture,Kanagawa Prefecture
http://en.wikipedia.org/wiki/Sendai,Sendai
http://en.wikipedia.org/wiki/Miyagi_Prefecture,Miyagi Prefecture
http://en.wikipedia.org/wiki/Osaka,Osaka
http://en.wikipedia.org/wiki/Osaka_Prefecture,Osaka Prefecture
http://en.wikipedia.org/wiki/Kitakyushu,Kitakyushu
http://en.wikipedia.org/wiki/Fukuoka,Fukuoka
http://en.wikipedia.org/wiki/Nagoya,Nagoya
http://en.wikipedia.org/wiki/Aichi_Prefecture,Aichi Prefecture
http://en.wikipedia.org/wiki/Chiba,_Chiba,Chiba, Chiba
http://en.wikipedia.org/wiki/Chiba_Prefecture,Chiba Prefecture
http://en.wikipedia.org/wiki/Sapporo,Sapporo
http://en.wikipedia.org/wiki/Sakai,_Osaka,Sakai, Osaka
http://en.wikipedia.org/wiki/Osaka_Prefecture,Osaka Prefecture
http://en.wikipedia.org/wiki/Kobe,Kobe
http://en.wikipedia.org/wiki/Niigata,_Niigata,Niigata, Niigata
http://en.wikipedia.org/wiki/Niigata_Prefecture,Niigata Prefecture
http://en.wikipedia.org/wiki/Kyoto,Kyoto
http://en.wikipedia.org/wiki/Kyoto_Prefecture,Kyoto Prefecture
http://en.wikipedia.org/wiki/Hamamatsu,_Shizuoka,Hamamatsu, Shizuoka
http://en.wikipedia.org/wiki/Shizuoka_Prefecture,Shizuoka Prefecture
http://en.wikipedia.org/wiki/Fukuoka,_Fukuoka,Fukuoka, Fukuoka
http://en.wikipedia.org/wiki/Fukuoka_Prefecture,Fukuoka Prefecture
http://en.wikipedia.org/wiki/Kumamoto,Kumamoto
http://en.wikipedia.org/wiki/Kumamoto_Prefecture,Kumamoto Prefecture
http://en.wikipedia.org/wiki/Kawasaki,_Kanagawa,Kawasaki, Kanagawa
http://en.wikipedia.org/wiki/Kanagawa,Kanagawa
http://en.wikipedia.org/wiki/Sagamihara,Sagamihara
http://en.wikipedia.org/wiki/Kanagawa,Kanagawa
http://en.wikipedia.org/wiki/Saitama,_Saitama,Saitama, Saitama
http://en.wikipedia.org/wiki/Saitama_Prefecture,Saitama Prefecture
http://en.wikipedia.org/wiki/Shizuoka,_Shizuoka,Shizuoka, Shizuoka
http://en.wikipedia.org/wiki/Shizuoka_Prefecture,Shizuoka Prefecture
http://en.wikipedia.org/wiki/Religion_in_Japan,Religion in Japan
http://en.wikipedia.org/wiki/Torii,Torii
http://en.wikipedia.org/wiki/Itsukushima_Shrine,Itsukushima Shrine
http://en.wikipedia.org/wiki/Hiroshima,Hiroshima
http://en.wikipedia.org/wiki/Three_Views_of_Japan,Three Views of Japan
http://en.wikipedia.org/wiki/Constitution_of_Japan,Constitution of Japan
http://en.wikipedia.org/wiki/Buddhism_in_Japan,Buddhism in Japan
http://en.wikipedia.org/wiki/Shinto,Shinto
http://en.wikipedia.org/wiki/Syncretism,Syncretism
http://en.wikipedia.org/wiki/Danka_system,Danka system
http://en.wikipedia.org/wiki/Edwin_O._Reischauer,Edwin O. Reischauer
http://en.wikipedia.org/wiki/Marius_Jansen,Marius Jansen
http://en.wikipedia.org/wiki/Japanese_festivals,Japanese festivals
http://en.wikipedia.org/wiki/Japanese_New_Year,Japanese New Year
http://en.wikipedia.org/wiki/Taoism,Taoism
http://en.wikipedia.org/wiki/Confucianism,Confucianism
http://en.wikipedia.org/wiki/Tanabata,Tanabata
http://en.wikipedia.org/wiki/Obon,Obon
http://en.wikipedia.org/wiki/Christmas,Christmas
http://en.wikipedia.org/wiki/Christianity_in_Japan,Christianity in Japan
http://en.wikipedia.org/wiki/Islam_in_Japan,Islam in Japan
http://en.wikipedia.org/wiki/Hinduism_in_Japan,Hinduism in Japan
http://en.wikipedia.org/wiki/Sikhism,Sikhism
http://en.wikipedia.org/wiki/Judaism,Judaism
http://en.wikipedia.org/wiki/Japanese_new_religions,Japanese new religions
http://en.wikipedia.org/wiki/Languages_of_Japan,Languages of Japan
http://en.wikipedia.org/wiki/Japanese_language,Japanese language
http://en.wikipedia.org/wiki/Agglutinative_language,Agglutinative language
http://en.wikipedia.org/wiki/Honorific_speech_in_Japanese,Honorific speech in Japanese
http://en.wikipedia.org/wiki/Japanese_writing_system,Japanese writing system
http://en.wikipedia.org/wiki/Kanji,Kanji
http://en.wikipedia.org/wiki/Chinese_character,Chinese character
http://en.wikipedia.org/wiki/Kana,Kana
http://en.wikipedia.org/wiki/Syllabary,Syllabary
http://en.wikipedia.org/wiki/Simplified_Chinese_characters,Simplified Chinese characters
http://en.wikipedia.org/wiki/Latin_alphabet,Latin alphabet
http://en.wikipedia.org/wiki/Arabic_numerals,Arabic numerals
http://en.wikipedia.org/wiki/Ryukyuan_languages,Ryukyuan languages
http://en.wikipedia.org/wiki/Amami_language,Amami language
http://en.wikipedia.org/wiki/Kunigami_language,Kunigami language
http://en.wikipedia.org/wiki/Okinawan_language,Okinawan language
http://en.wikipedia.org/wiki/Miyako_language,Miyako language
http://en.wikipedia.org/wiki/Yaeyama_language,Yaeyama language
http://en.wikipedia.org/wiki/Yonaguni_language,Yonaguni language
http://en.wikipedia.org/wiki/Japonic_languages,Japonic languages
http://en.wikipedia.org/wiki/Ryukyu_Islands,Ryukyu Islands
http://en.wikipedia.org/wiki/Okinawan_Japanese,Okinawan Japanese
http://en.wikipedia.org/wiki/Ainu_language,Ainu language
http://en.wikipedia.org/wiki/Moribund_language,Moribund language
http://en.wikipedia.org/wiki/English_language_education_in_Japan,English language education in Japan
http://en.wikipedia.org/wiki/Education_in_Japan,Education in Japan
http://en.wikipedia.org/wiki/Higher_education_in_Japan#University_entrance,Higher education in Japan
http://en.wikipedia.org/wiki/University_of_Tokyo,University of Tokyo
http://en.wikipedia.org/wiki/Education_in_the_Empire_of_Japan,Education in the Empire of Japan
http://en.wikipedia.org/wiki/Elementary_schools_in_Japan,Elementary schools in Japan
http://en.wikipedia.org/wiki/Secondary_education_in_Japan#Middle_school,Secondary education in Japan
http://en.wikipedia.org/wiki/Secondary_education_in_Japan,Secondary education in Japan
http://en.wikipedia.org/wiki/Higher_education_in_Japan,Higher education in Japan
http://en.wikipedia.org/wiki/University_of_Tokyo,University of Tokyo
http://en.wikipedia.org/wiki/Kyoto_University,Kyoto University
http://en.wikipedia.org/wiki/Programme_for_International_Student_Assessment,Programme for International Student Assessment
http://en.wikipedia.org/wiki/Health_in_Japan,Health in Japan
http://en.wikipedia.org/wiki/Health_care_system_in_Japan,Health care system in Japan
http://en.wikipedia.org/wiki/Kinkaku-ji,Kinkaku-ji
http://en.wikipedia.org/wiki/List_of_Special_Places_of_Scenic_Beauty,_Special_Historic_Sites_and_Special_Natural_Monuments,List of Special Places of Scenic Beauty, Special Historic Sites and Special Natural Monuments
http://en.wikipedia.org/wiki/The_Temple_of_the_Golden_Pavilion,The Temple of the Golden Pavilion
http://en.wikipedia.org/wiki/Yukio_Mishima,Yukio Mishima
http://en.wikipedia.org/wiki/Culture_of_Japan,Culture of Japan
http://en.wikipedia.org/wiki/Japanese_popular_culture,Japanese popular culture
http://en.wikipedia.org/wiki/Japanese_handicrafts,Japanese handicrafts
http://en.wikipedia.org/wiki/Japanese_pottery_and_porcelain,Japanese pottery and porcelain
http://en.wikipedia.org/wiki/Kimono,Kimono
http://en.wikipedia.org/wiki/Japanese_lacquerware,Japanese lacquerware
http://en.wikipedia.org/wiki/Japanese_sword,Japanese sword
http://en.wikipedia.org/wiki/Japanese_traditional_dolls,Japanese traditional dolls
http://en.wikipedia.org/wiki/Bunraku,Bunraku
http://en.wikipedia.org/wiki/Kabuki,Kabuki
http://en.wikipedia.org/wiki/Noh,Noh
http://en.wikipedia.org/wiki/Japanese_traditional_dance,Japanese traditional dance
http://en.wikipedia.org/wiki/Rakugo,Rakugo
http://en.wikipedia.org/wiki/Japanese_tea_ceremony,Japanese tea ceremony
http://en.wikipedia.org/wiki/Ikebana,Ikebana
http://en.wikipedia.org/wiki/Japanese_martial_arts,Japanese martial arts
http://en.wikipedia.org/wiki/Japanese_calligraphy,Japanese calligraphy
http://en.wikipedia.org/wiki/Origami,Origami
http://en.wikipedia.org/wiki/Onsen,Onsen
http://en.wikipedia.org/wiki/Geisha,Geisha
http://en.wikipedia.org/wiki/List_of_Japanese_games,List of Japanese games
http://en.wikipedia.org/wiki/Cultural_Properties_of_Japan,Cultural Properties of Japan
http://en.wikipedia.org/wiki/National_Treasures_of_Japan,National Treasures of Japan
http://en.wikipedia.org/wiki/World_Heritage_Sites_in_Japan,World Heritage Sites in Japan
http://en.wikipedia.org/wiki/Japanese_art,Japanese art
http://en.wikipedia.org/wiki/Japanese_architecture,Japanese architecture
http://en.wikipedia.org/wiki/Japanese_garden,Japanese garden
http://en.wikipedia.org/wiki/Japanese_aesthetics,Japanese aesthetics
http://en.wikipedia.org/wiki/Ise_Grand_Shrine,Ise Grand Shrine
http://en.wikipedia.org/wiki/Minka,Minka
http://en.wikipedia.org/wiki/Japanese_Buddhist_architecture,Japanese Buddhist architecture
http://en.wikipedia.org/wiki/Tatami,Tatami
http://en.wikipedia.org/wiki/Japanese_sculpture,Japanese sculpture
http://en.wikipedia.org/wiki/Japanese_painting,Japanese painting
http://en.wikipedia.org/wiki/Japanese_aesthetics,Japanese aesthetics
http://en.wikipedia.org/wiki/Ukiyo-e,Ukiyo-e
http://en.wikipedia.org/wiki/Japonism,Japonism
http://en.wikipedia.org/wiki/Post-Impressionism,Post-Impressionism
http://en.wikipedia.org/wiki/Hokusai,Hokusai
http://en.wikipedia.org/wiki/Hiroshige,Hiroshige
http://en.wikipedia.org/wiki/Woodblock_printing,Woodblock printing
http://en.wikipedia.org/wiki/Manga,Manga
http://en.wikipedia.org/wiki/Cinema_of_Japan,Cinema of Japan
http://en.wikipedia.org/wiki/Anime,Anime
http://en.wikipedia.org/wiki/Video_game_console,Video game console
http://en.wikipedia.org/wiki/Music_of_Japan,Music of Japan
http://en.wikipedia.org/wiki/Traditional_Japanese_musical_instruments,Traditional Japanese musical instruments
http://en.wikipedia.org/wiki/Recitative,Recitative
http://en.wikipedia.org/wiki/Noh,Noh
http://en.wikipedia.org/wiki/Music_of_Japan#Folk_music,Music of Japan
http://en.wikipedia.org/wiki/Shamisen,Shamisen
http://en.wikipedia.org/wiki/Gagaku,Gagaku
http://en.wikipedia.org/wiki/20th-century_classical_music,20th-century classical music
http://en.wikipedia.org/wiki/Toru_Takemitsu,Toru Takemitsu
http://en.wikipedia.org/wiki/J-pop,J-pop
http://en.wikipedia.org/wiki/Karaoke,Karaoke
http://en.wikipedia.org/wiki/Agency_for_Cultural_Affairs,Agency for Cultural Affairs
http://en.wikipedia.org/wiki/Japanese_literature,Japanese literature
http://en.wikipedia.org/wiki/Japanese_poetry,Japanese poetry
http://en.wikipedia.org/wiki/Genji_Monogatari_Emaki,Genji Monogatari Emaki
http://en.wikipedia.org/wiki/The_Tale_of_Genji,The Tale of Genji
http://en.wikipedia.org/wiki/National_Treasures_of_Japan,National Treasures of Japan
http://en.wikipedia.org/wiki/Kojiki,Kojiki
http://en.wikipedia.org/wiki/Nihon_Shoki,Nihon Shoki
http://en.wikipedia.org/wiki/List_of_Japanese_poetry_anthologies,List of Japanese poetry anthologies
http://en.wikipedia.org/wiki/Hiragana,Hiragana
http://en.wikipedia.org/wiki/Katakana,Katakana
http://en.wikipedia.org/wiki/The_Tale_of_the_Bamboo_Cutter,The Tale of the Bamboo Cutter
http://en.wikipedia.org/wiki/The_Pillow_Book,The Pillow Book
http://en.wikipedia.org/wiki/The_Tale_of_Genji,The Tale of Genji
http://en.wikipedia.org/wiki/Murasaki_Shikibu,Murasaki Shikibu
http://en.wikipedia.org/wiki/Saikaku,Saikaku
http://en.wikipedia.org/wiki/Haikai,Haikai
http://en.wikipedia.org/wiki/Haiku,Haiku
http://en.wikipedia.org/wiki/Oku_no_Hosomichi,Oku no Hosomichi
http://en.wikipedia.org/wiki/Yukio_Mishima,Yukio Mishima
http://en.wikipedia.org/wiki/Haruki_Murakami,Haruki Murakami
http://en.wikipedia.org/wiki/Nobel_Prize_in_Literature,Nobel Prize in Literature
http://en.wikipedia.org/wiki/Yasunari_Kawabata,Yasunari Kawabata
http://en.wikipedia.org/wiki/Japanese_cuisine,Japanese cuisine
http://en.wikipedia.org/wiki/Staple_food,Staple food
http://en.wikipedia.org/wiki/Japanese_rice,Japanese rice
http://en.wikipedia.org/wiki/Japanese_noodles,Japanese noodles
http://en.wikipedia.org/wiki/Okazu,Okazu
http://en.wikipedia.org/wiki/Tofu,Tofu
http://en.wikipedia.org/wiki/Seasonal_food,Seasonal food
http://en.wikipedia.org/wiki/Japanese_regional_cuisine,Japanese regional cuisine
http://en.wikipedia.org/wiki/Michelin_Guide,Michelin Guide
http://en.wikipedia.org/wiki/Sport_in_Japan,Sport in Japan
http://en.wikipedia.org/wiki/Sumo,Sumo
http://en.wikipedia.org/wiki/Sumo,Sumo
http://en.wikipedia.org/wiki/Japanese_martial_arts,Japanese martial arts
http://en.wikipedia.org/wiki/Judo,Judo
http://en.wikipedia.org/wiki/Karate,Karate
http://en.wikipedia.org/wiki/Kendo,Kendo
http://en.wikipedia.org/wiki/1964_Summer_Olympics,1964 Summer Olympics
http://en.wikipedia.org/wiki/1972_Winter_Olympics,1972 Winter Olympics
http://en.wikipedia.org/wiki/1998_Winter_Olympics,1998 Winter Olympics
http://en.wikipedia.org/wiki/2020_Summer_Olympics,2020 Summer Olympics
http://en.wikipedia.org/wiki/Rugby_Union,Rugby Union
http://en.wikipedia.org/wiki/Asian_Five_Nations,Asian Five Nations
http://en.wikipedia.org/wiki/IRB_Pacific_Nations_Cup,IRB Pacific Nations Cup
http://en.wikipedia.org/wiki/Rugby_World_Cup,Rugby World Cup
http://en.wikipedia.org/wiki/Baseball_in_Japan,Baseball in Japan
http://en.wikipedia.org/wiki/Nippon_Professional_Baseball,Nippon Professional Baseball
http://en.wikipedia.org/wiki/J._League,J. League
http://en.wikipedia.org/wiki/2002_FIFA_World_Cup,2002 FIFA World Cup
http://en.wikipedia.org/wiki/AFC_Asian_Cup,AFC Asian Cup
http://en.wikipedia.org/wiki/Super_GT,Super GT
http://en.wikipedia.org/wiki/Formula_Nippon,Formula Nippon
http://en.wikipedia.org/wiki/National_Basketball_Association,National Basketball Association
http://en.wikipedia.org/wiki/Yuta_Tabuse,Yuta Tabuse
http://en.wikipedia.org/wiki/Tourism_in_Japan,Tourism in Japan
http://en.wikipedia.org/wiki/Outline_of_Japan,Outline of Japan
http://en.wikipedia.org/wiki/Index_of_Japan-related_articles,Index of Japan-related articles
http://en.wikipedia.org/wiki/CIA,CIA
http://en.wikipedia.org/wiki/Emperor_Jimmu,Emperor Jimmu
http://en.wikipedia.org/wiki/International_Monetary_Fund,International Monetary Fund
http://en.wikipedia.org/wiki/CIA,CIA
http://en.wikipedia.org/wiki/International_Standard_Book_Number,International Standard Book Number
http://en.wikipedia.org/wiki/International_Standard_Book_Number,International Standard Book Number
http://en.wikipedia.org/wiki/Digital_object_identifier,Digital object identifier
http://en.wikipedia.org/wiki/Digital_object_identifier,Digital object identifier
http://en.wikipedia.org/wiki/PubMed_Identifier,PubMed Identifier
http://en.wikipedia.org/wiki/International_Standard_Book_Number,International Standard Book Number
http://en.wikipedia.org/wiki/National_Science_Museum_of_Japan,National Science Museum of Japan
http://en.wikipedia.org/wiki/International_Standard_Book_Number,International Standard Book Number
http://en.wikipedia.org/wiki/International_Standard_Book_Number,International Standard Book Number
http://en.wikipedia.org/wiki/International_Standard_Book_Number,International Standard Book Number
http://en.wikipedia.org/wiki/ABC-CLIO,ABC-CLIO
http://en.wikipedia.org/wiki/International_Standard_Book_Number,International Standard Book Number
http://en.wikipedia.org/wiki/International_Standard_Book_Number,International Standard Book Number
http://en.wikipedia.org/wiki/International_Standard_Book_Number,International Standard Book Number
http://en.wikipedia.org/wiki/International_Standard_Book_Number,International Standard Book Number
http://en.wikipedia.org/wiki/International_Standard_Book_Number,International Standard Book Number
http://en.wikipedia.org/wiki/International_Standard_Book_Number,International Standard Book Number
http://en.wikipedia.org/wiki/International_Standard_Book_Number,International Standard Book Number
http://en.wikipedia.org/wiki/Digital_object_identifier,Digital object identifier
http://en.wikipedia.org/wiki/Digital_object_identifier,Digital object identifier
http://en.wikipedia.org/wiki/International_Standard_Book_Number,International Standard Book Number
http://en.wikipedia.org/wiki/International_Standard_Book_Number,International Standard Book Number
http://en.wikipedia.org/wiki/International_Standard_Book_Number,International Standard Book Number
http://en.wikipedia.org/wiki/International_Standard_Book_Number,International Standard Book Number
http://en.wikipedia.org/wiki/International_Standard_Book_Number,International Standard Book Number
http://en.wikipedia.org/wiki/Digital_object_identifier,Digital object identifier
http://en.wikipedia.org/wiki/International_Standard_Book_Number,International Standard Book Number
http://en.wikipedia.org/wiki/International_Standard_Book_Number,International Standard Book Number
http://en.wikipedia.org/wiki/International_Standard_Book_Number,International Standard Book Number
http://en.wikipedia.org/wiki/Digital_object_identifier,Digital object identifier
http://en.wikipedia.org/wiki/International_Standard_Book_Number,International Standard Book Number
http://en.wikipedia.org/wiki/Organisation_for_Economic_Co-operation_and_Development,Organisation for Economic Co-operation and Development
http://en.wikipedia.org/wiki/International_Standard_Book_Number,International Standard Book Number
http://en.wikipedia.org/wiki/International_Standard_Book_Number,International Standard Book Number
http://en.wikipedia.org/wiki/University_of_Durham,University of Durham
http://en.wikipedia.org/wiki/International_Standard_Book_Number,International Standard Book Number
http://en.wikipedia.org/wiki/Japan_National_Tourism_Organization,Japan National Tourism Organization
http://en.wikipedia.org/wiki/Japan_National_Tourism_Organization,Japan National Tourism Organization
http://en.wikipedia.org/wiki/Organisation_for_Economic_Co-operation_and_Development,Organisation for Economic Co-operation and Development
http://en.wikipedia.org/wiki/International_Standard_Book_Number,International Standard Book Number
http://en.wikipedia.org/wiki/International_Standard_Book_Number,International Standard Book Number
http://en.wikipedia.org/wiki/International_Standard_Book_Number,International Standard Book Number
http://en.wikipedia.org/wiki/Digital_object_identifier,Digital object identifier
http://en.wikipedia.org/wiki/The_Guardian,The Guardian
http://en.wikipedia.org/wiki/OECD,OECD
http://en.wikipedia.org/wiki/Financial_Times,Financial Times
http://en.wikipedia.org/wiki/Kyoto_University,Kyoto University
http://en.wikipedia.org/wiki/Institute_of_Space_and_Astronautical_Science,Institute of Space and Astronautical Science
http://en.wikipedia.org/wiki/International_Standard_Book_Number,International Standard Book Number
http://en.wikipedia.org/wiki/Reuters,Reuters
http://en.wikipedia.org/wiki/International_Road_Assessment_Program,International Road Assessment Program
http://en.wikipedia.org/wiki/International_Standard_Book_Number,International Standard Book Number
http://en.wikipedia.org/wiki/John_Lie,John Lie
http://en.wikipedia.org/wiki/Gonzalo_Garland,Gonzalo Garland
http://en.wikipedia.org/wiki/International_Futures,International Futures
http://en.wikipedia.org/wiki/Digital_object_identifier,Digital object identifier
http://en.wikipedia.org/wiki/PubMed_Identifier,PubMed Identifier
http://en.wikipedia.org/wiki/International_Standard_Book_Number,International Standard Book Number
http://en.wikipedia.org/wiki/International_Standard_Book_Number,International Standard Book Number
http://en.wikipedia.org/wiki/International_Standard_Book_Number,International Standard Book Number
http://en.wikipedia.org/wiki/International_Standard_Book_Number,International Standard Book Number
http://en.wikipedia.org/wiki/Digital_object_identifier,Digital object identifier
http://en.wikipedia.org/wiki/OECD,OECD
http://en.wikipedia.org/wiki/International_Standard_Book_Number,International Standard Book Number
http://en.wikipedia.org/wiki/International_Standard_Book_Number,International Standard Book Number
http://en.wikipedia.org/wiki/GameSpot,GameSpot
http://en.wikipedia.org/wiki/International_Standard_Book_Number,International Standard Book Number
http://en.wikipedia.org/wiki/Olivier_Messiaen,Olivier Messiaen
http://en.wikipedia.org/wiki/International_Standard_Book_Number,International Standard Book Number
http://en.wikipedia.org/wiki/International_Standard_Book_Number,International Standard Book Number
http://en.wikipedia.org/wiki/International_Standard_Book_Number,International Standard Book Number
http://en.wikipedia.org/wiki/Penguin_Classics,Penguin Classics
http://en.wikipedia.org/wiki/International_Standard_Book_Number,International Standard Book Number
http://en.wikipedia.org/wiki/International_Standard_Book_Number,International Standard Book Number
http://en.wikipedia.org/wiki/PBS,PBS
http://en.wikipedia.org/wiki/FIFA,FIFA
http://en.wikipedia.org/wiki/FIFA,FIFA
http://en.wikipedia.org/wiki/Duke_University_Press,Duke University Press
http://en.wikipedia.org/wiki/Cornell_University_Press,Cornell University Press
http://en.wikipedia.org/wiki/University_of_California_Press,University of California Press
http://en.wikipedia.org/wiki/The_World_Factbook,The World Factbook
http://en.wikipedia.org/wiki/DMOZ,DMOZ
http://en.wikipedia.org/wiki/BBC_News,BBC News
http://en.wikipedia.org/wiki/Energy_Information_Administration,Energy Information Administration
http://en.wikipedia.org/wiki/Organisation_for_Economic_Co-operation_and_Development,Organisation for Economic Co-operation and Development
http://en.wikipedia.org/wiki/International_Futures,International Futures
http://en.wikipedia.org/wiki/Template_talk:Japan_topics,Template talk:Japan topics
http://en.wikipedia.org/wiki/List_of_Japan-related_topics,List of Japan-related topics
http://en.wikipedia.org/wiki/History_of_Japan,History of Japan
http://en.wikipedia.org/wiki/Japanese_Paleolithic,Japanese Paleolithic
http://en.wikipedia.org/wiki/Yayoi_period,Yayoi period
http://en.wikipedia.org/wiki/Kofun_period,Kofun period
http://en.wikipedia.org/wiki/Asuka_period,Asuka period
http://en.wikipedia.org/wiki/Nara_period,Nara period
http://en.wikipedia.org/wiki/Heian_period,Heian period
http://en.wikipedia.org/wiki/Kamakura_period,Kamakura period
http://en.wikipedia.org/wiki/Muromachi_period,Muromachi period
http://en.wikipedia.org/wiki/Edo_period,Edo period
http://en.wikipedia.org/wiki/Meiji_period,Meiji period
http://en.wikipedia.org/wiki/Heisei_period,Heisei period
http://en.wikipedia.org/wiki/Economic_history_of_Japan,Economic history of Japan
http://en.wikipedia.org/wiki/Military_history_of_Japan,Military history of Japan
http://en.wikipedia.org/wiki/Naval_history_of_Japan,Naval history of Japan
http://en.wikipedia.org/wiki/Imperial_Japanese_Army,Imperial Japanese Army
http://en.wikipedia.org/wiki/Imperial_Seal_of_Japan,Imperial Seal of Japan
http://en.wikipedia.org/wiki/Geography_of_Japan,Geography of Japan
http://en.wikipedia.org/wiki/Japanese_addressing_system,Japanese addressing system
http://en.wikipedia.org/wiki/Cities_of_Japan,Cities of Japan
http://en.wikipedia.org/wiki/Districts_of_Japan,Districts of Japan
http://en.wikipedia.org/wiki/Environmental_issues_in_Japan,Environmental issues in Japan
http://en.wikipedia.org/wiki/List_of_extreme_points_of_Japan,List of extreme points of Japan
http://en.wikipedia.org/wiki/List_of_islands_of_Japan,List of islands of Japan
http://en.wikipedia.org/wiki/List_of_lakes_in_Japan,List of lakes in Japan
http://en.wikipedia.org/wiki/Prefectures_of_Japan,Prefectures of Japan
http://en.wikipedia.org/wiki/Regions_of_Japan,Regions of Japan
http://en.wikipedia.org/wiki/Rivers_of_Japan,Rivers of Japan
http://en.wikipedia.org/wiki/Towns_of_Japan,Towns of Japan
http://en.wikipedia.org/wiki/Villages_of_Japan,Villages of Japan
http://en.wikipedia.org/wiki/Politics_of_Japan,Politics of Japan
http://en.wikipedia.org/wiki/Elections_in_Japan,Elections in Japan
http://en.wikipedia.org/wiki/Emperor_of_Japan,Emperor of Japan
http://en.wikipedia.org/wiki/List_of_Japanese_monarchs,List of Japanese monarchs
http://en.wikipedia.org/wiki/Foreign_relations_of_Japan,Foreign relations of Japan
http://en.wikipedia.org/wiki/Human_rights_in_Japan,Human rights in Japan
http://en.wikipedia.org/wiki/LGBT_rights_in_Japan,LGBT rights in Japan
http://en.wikipedia.org/wiki/Judicial_system_of_Japan,Judicial system of Japan
http://en.wikipedia.org/wiki/Law_of_Japan,Law of Japan
http://en.wikipedia.org/wiki/Law_enforcement_in_Japan,Law enforcement in Japan
http://en.wikipedia.org/wiki/National_Diet,National Diet
http://en.wikipedia.org/wiki/House_of_Councillors,House of Councillors
http://en.wikipedia.org/wiki/List_of_political_parties_in_Japan,List of political parties in Japan
http://en.wikipedia.org/wiki/Japan_Self-Defense_Forces,Japan Self-Defense Forces
http://en.wikipedia.org/wiki/Japan_Air_Self-Defense_Force,Japan Air Self-Defense Force
http://en.wikipedia.org/wiki/Japan_Ground_Self-Defense_Force,Japan Ground Self-Defense Force
http://en.wikipedia.org/wiki/Japan_Maritime_Self-Defense_Force,Japan Maritime Self-Defense Force
http://en.wikipedia.org/wiki/Government_of_Japan,Government of Japan
http://en.wikipedia.org/wiki/Cabinet_of_Japan,Cabinet of Japan
http://en.wikipedia.org/wiki/Monetary_and_fiscal_policy_of_Japan,Monetary and fiscal policy of Japan
http://en.wikipedia.org/wiki/Foreign_policy_of_Japan,Foreign policy of Japan
http://en.wikipedia.org/wiki/Ministries_of_Japan,Ministries of Japan
http://en.wikipedia.org/wiki/Prime_Minister_of_Japan,Prime Minister of Japan
http://en.wikipedia.org/wiki/List_of_Prime_Ministers_of_Japan,List of Prime Ministers of Japan
http://en.wikipedia.org/wiki/Deputy_Prime_Minister_of_Japan,Deputy Prime Minister of Japan
http://en.wikipedia.org/wiki/Economy_of_Japan,Economy of Japan
http://en.wikipedia.org/wiki/Agriculture,_forestry,_and_fishing_in_Japan,Agriculture, forestry, and fishing in Japan
http://en.wikipedia.org/wiki/Bank_of_Japan,Bank of Japan
http://en.wikipedia.org/wiki/International_rankings_of_Japan,International rankings of Japan
http://en.wikipedia.org/wiki/Labor_market_of_Japan,Labor market of Japan
http://en.wikipedia.org/wiki/Manufacturing_industries_of_Japan,Manufacturing industries of Japan
http://en.wikipedia.org/wiki/Energy_in_Japan,Energy in Japan
http://en.wikipedia.org/wiki/Solar_power_in_Japan,Solar power in Japan
http://en.wikipedia.org/wiki/Telecommunications_in_Japan,Telecommunications in Japan
http://en.wikipedia.org/wiki/Transport_in_Japan,Transport in Japan
http://en.wikipedia.org/wiki/Japanese_yen,Japanese yen
http://en.wikipedia.org/wiki/Crime_in_Japan,Crime in Japan
http://en.wikipedia.org/wiki/Demographics_of_Japan,Demographics of Japan
http://en.wikipedia.org/wiki/Education_in_Japan,Education in Japan
http://en.wikipedia.org/wiki/Etiquette_in_Japan,Etiquette in Japan
http://en.wikipedia.org/wiki/Gambling_in_Japan,Gambling in Japan
http://en.wikipedia.org/wiki/Housing_in_Japan,Housing in Japan
http://en.wikipedia.org/wiki/Languages_of_Japan,Languages of Japan
http://en.wikipedia.org/wiki/Religion_in_Japan,Religion in Japan
http://en.wikipedia.org/wiki/Sexuality_in_Japan,Sexuality in Japan
http://en.wikipedia.org/wiki/Smoking_in_Japan,Smoking in Japan
http://en.wikipedia.org/wiki/Women_in_Japan,Women in Japan
http://en.wikipedia.org/wiki/Career_woman,Career woman
http://en.wikipedia.org/wiki/Culture_of_Japan,Culture of Japan
http://en.wikipedia.org/wiki/Japanese_aesthetics,Japanese aesthetics
http://en.wikipedia.org/wiki/Anime,Anime
http://en.wikipedia.org/wiki/Manga,Manga
http://en.wikipedia.org/wiki/Japanese_architecture,Japanese architecture
http://en.wikipedia.org/wiki/Japanese_Art,Japanese Art
http://en.wikipedia.org/wiki/Bonsai,Bonsai
http://en.wikipedia.org/wiki/Cinema_of_Japan,Cinema of Japan
http://en.wikipedia.org/wiki/Japanese_cuisine,Japanese cuisine
http://en.wikipedia.org/wiki/Japanese_festivals,Japanese festivals
http://en.wikipedia.org/wiki/Japanese_folklore,Japanese folklore
http://en.wikipedia.org/wiki/Japanese_folktales,Japanese folktales
http://en.wikipedia.org/wiki/Japanese_gardens,Japanese gardens
http://en.wikipedia.org/wiki/Geisha,Geisha
http://en.wikipedia.org/wiki/Japanese_games,Japanese games
http://en.wikipedia.org/wiki/Ikebana,Ikebana
http://en.wikipedia.org/wiki/Kawaii,Kawaii
http://en.wikipedia.org/wiki/Japanese_literature,Japanese literature
http://en.wikipedia.org/wiki/Japanese_martial_arts,Japanese martial arts
http://en.wikipedia.org/wiki/Media_of_Japan,Media of Japan
http://en.wikipedia.org/wiki/Music_of_Japan,Music of Japan
http://en.wikipedia.org/wiki/Japanese_mythology,Japanese mythology
http://en.wikipedia.org/wiki/Japanese_name,Japanese name
http://en.wikipedia.org/wiki/Onsen,Onsen
http://en.wikipedia.org/wiki/Sport_in_Japan,Sport in Japan
http://en.wikipedia.org/wiki/Japanese_tea_ceremony,Japanese tea ceremony
http://en.wikipedia.org/wiki/Television_in_Japan,Television in Japan
http://en.wikipedia.org/wiki/Theatre_of_Japan,Theatre of Japan
http://en.wikipedia.org/wiki/Outline_of_Japan,Outline of Japan
http://en.wikipedia.org/wiki/Index_of_Japan-related_articles,Index of Japan-related articles
http://en.wikipedia.org/wiki/Template_talk:Regions_and_administrative_divisions_of_Japan,Template talk:Regions and administrative divisions of Japan
http://en.wikipedia.org/wiki/List_of_regions_of_Japan,List of regions of Japan
http://en.wikipedia.org/wiki/Government_of_Japan,Government of Japan
http://en.wikipedia.org/wiki/List_of_regions_of_Japan,List of regions of Japan
http://en.wikipedia.org/wiki/Hokkaido,Hokkaido
http://en.wikipedia.org/wiki/Hokuriku_region,Hokuriku region
http://en.wikipedia.org/wiki/Kansai_region,Kansai region
http://en.wikipedia.org/wiki/Shikoku,Shikoku
http://en.wikipedia.org/wiki/Kyushu,Kyushu
http://en.wikipedia.org/wiki/Northern_Kyushu,Northern Kyushu
http://en.wikipedia.org/wiki/Okinawa_Prefecture,Okinawa Prefecture
http://en.wikipedia.org/wiki/Prefectures_of_Japan,Prefectures of Japan
http://en.wikipedia.org/wiki/Hokkaido,Hokkaido
http://en.wikipedia.org/wiki/Hokkaido,Hokkaido
http://en.wikipedia.org/wiki/Aomori_Prefecture,Aomori Prefecture
http://en.wikipedia.org/wiki/Iwate_Prefecture,Iwate Prefecture
http://en.wikipedia.org/wiki/Miyagi_Prefecture,Miyagi Prefecture
http://en.wikipedia.org/wiki/Akita_Prefecture,Akita Prefecture
http://en.wikipedia.org/wiki/Yamagata_Prefecture,Yamagata Prefecture
http://en.wikipedia.org/wiki/Fukushima_Prefecture,Fukushima Prefecture
http://en.wikipedia.org/wiki/Ibaraki_Prefecture,Ibaraki Prefecture
http://en.wikipedia.org/wiki/Tochigi_Prefecture,Tochigi Prefecture
http://en.wikipedia.org/wiki/Gunma_Prefecture,Gunma Prefecture
http://en.wikipedia.org/wiki/Saitama_Prefecture,Saitama Prefecture
http://en.wikipedia.org/wiki/Chiba_Prefecture,Chiba Prefecture
http://en.wikipedia.org/wiki/Tokyo,Tokyo
http://en.wikipedia.org/wiki/Kanagawa_Prefecture,Kanagawa Prefecture
http://en.wikipedia.org/wiki/Niigata_Prefecture,Niigata Prefecture
http://en.wikipedia.org/wiki/Toyama_Prefecture,Toyama Prefecture
http://en.wikipedia.org/wiki/Ishikawa_Prefecture,Ishikawa Prefecture
http://en.wikipedia.org/wiki/Fukui_Prefecture,Fukui Prefecture
http://en.wikipedia.org/wiki/Yamanashi_Prefecture,Yamanashi Prefecture
http://en.wikipedia.org/wiki/Nagano_Prefecture,Nagano Prefecture
http://en.wikipedia.org/wiki/Gifu_Prefecture,Gifu Prefecture
http://en.wikipedia.org/wiki/Shizuoka_Prefecture,Shizuoka Prefecture
http://en.wikipedia.org/wiki/Aichi_Prefecture,Aichi Prefecture
http://en.wikipedia.org/wiki/Kansai_region,Kansai region
http://en.wikipedia.org/wiki/Mie_Prefecture,Mie Prefecture
http://en.wikipedia.org/wiki/Shiga_Prefecture,Shiga Prefecture
http://en.wikipedia.org/wiki/Kyoto_Prefecture,Kyoto Prefecture
http://en.wikipedia.org/wiki/Osaka_Prefecture,Osaka Prefecture
http://en.wikipedia.org/wiki/Nara_Prefecture,Nara Prefecture
http://en.wikipedia.org/wiki/Wakayama_Prefecture,Wakayama Prefecture
http://en.wikipedia.org/wiki/Tottori_Prefecture,Tottori Prefecture
http://en.wikipedia.org/wiki/Shimane_Prefecture,Shimane Prefecture
http://en.wikipedia.org/wiki/Okayama_Prefecture,Okayama Prefecture
http://en.wikipedia.org/wiki/Hiroshima_Prefecture,Hiroshima Prefecture
http://en.wikipedia.org/wiki/Yamaguchi_Prefecture,Yamaguchi Prefecture
http://en.wikipedia.org/wiki/Shikoku,Shikoku
http://en.wikipedia.org/wiki/Tokushima_Prefecture,Tokushima Prefecture
http://en.wikipedia.org/wiki/Kagawa_Prefecture,Kagawa Prefecture
http://en.wikipedia.org/wiki/Ehime_Prefecture,Ehime Prefecture
http://en.wikipedia.org/wiki/Kyushu,Kyushu
http://en.wikipedia.org/wiki/Fukuoka_Prefecture,Fukuoka Prefecture
http://en.wikipedia.org/wiki/Saga_Prefecture,Saga Prefecture
http://en.wikipedia.org/wiki/Nagasaki_Prefecture,Nagasaki Prefecture
http://en.wikipedia.org/wiki/Kumamoto_Prefecture,Kumamoto Prefecture
http://en.wikipedia.org/wiki/Miyazaki_Prefecture,Miyazaki Prefecture
http://en.wikipedia.org/wiki/Kagoshima_Prefecture,Kagoshima Prefecture
http://en.wikipedia.org/wiki/Okinawa_Prefecture,Okinawa Prefecture
http://en.wikipedia.org/wiki/Template_talk:Major_non-NATO_ally,Template talk:Major non-NATO ally
http://en.wikipedia.org/wiki/Major_non-NATO_ally,Major non-NATO ally
http://en.wikipedia.org/wiki/United_States,United States
http://en.wikipedia.org/wiki/Afghanistan,Afghanistan
http://en.wikipedia.org/wiki/Argentina,Argentina
http://en.wikipedia.org/wiki/Australia,Australia
http://en.wikipedia.org/wiki/Bahrain,Bahrain
http://en.wikipedia.org/wiki/Egypt,Egypt
http://en.wikipedia.org/wiki/Israel,Israel
http://en.wikipedia.org/wiki/Jordan,Jordan
http://en.wikipedia.org/wiki/Kuwait,Kuwait
http://en.wikipedia.org/wiki/Morocco,Morocco
http://en.wikipedia.org/wiki/New_Zealand,New Zealand
http://en.wikipedia.org/wiki/Pakistan,Pakistan
http://en.wikipedia.org/wiki/Philippines,Philippines
http://en.wikipedia.org/wiki/South_Korea,South Korea
http://en.wikipedia.org/wiki/Thailand,Thailand
http://en.wikipedia.org/wiki/East_Asia_Summit,East Asia Summit
http://en.wikipedia.org/wiki/First_East_Asia_Summit,First East Asia Summit
http://en.wikipedia.org/wiki/Second_East_Asia_Summit,Second East Asia Summit
http://en.wikipedia.org/wiki/Third_East_Asia_Summit,Third East Asia Summit
http://en.wikipedia.org/wiki/Fourth_East_Asia_Summit,Fourth East Asia Summit
http://en.wikipedia.org/wiki/Fifth_East_Asia_Summit,Fifth East Asia Summit
http://en.wikipedia.org/wiki/Sixth_East_Asia_Summit,Sixth East Asia Summit
http://en.wikipedia.org/wiki/Seventh_East_Asia_Summit,Seventh East Asia Summit
http://en.wikipedia.org/wiki/Ninth_East_Asia_Summit,Ninth East Asia Summit
http://en.wikipedia.org/wiki/Australia,Australia
http://en.wikipedia.org/wiki/Brunei,Brunei
http://en.wikipedia.org/wiki/Burma,Burma
http://en.wikipedia.org/wiki/Cambodia,Cambodia
http://en.wikipedia.org/wiki/China,China
http://en.wikipedia.org/wiki/India,India
http://en.wikipedia.org/wiki/Indonesia,Indonesia
http://en.wikipedia.org/wiki/Laos,Laos
http://en.wikipedia.org/wiki/Malaysia,Malaysia
http://en.wikipedia.org/wiki/New_Zealand,New Zealand
http://en.wikipedia.org/wiki/Philippines,Philippines
http://en.wikipedia.org/wiki/Russia,Russia
http://en.wikipedia.org/wiki/Singapore,Singapore
http://en.wikipedia.org/wiki/South_Korea,South Korea
http://en.wikipedia.org/wiki/Thailand,Thailand
http://en.wikipedia.org/wiki/United_States,United States
http://en.wikipedia.org/wiki/Vietnam,Vietnam
http://en.wikipedia.org/wiki/Template_talk:Current_G8_Leaders,Template talk:Current G8 Leaders
http://en.wikipedia.org/wiki/List_of_G8_leaders,List of G8 leaders
http://en.wikipedia.org/wiki/G8,G8
http://en.wikipedia.org/wiki/Canada,Canada
http://en.wikipedia.org/wiki/Stephen_Harper,Stephen Harper
http://en.wikipedia.org/wiki/France,France
http://en.wikipedia.org/wiki/Germany,Germany
http://en.wikipedia.org/wiki/Angela_Merkel,Angela Merkel
http://en.wikipedia.org/wiki/Italy,Italy
http://en.wikipedia.org/wiki/Matteo_Renzi,Matteo Renzi
http://en.wikipedia.org/wiki/Japan,Japan
http://en.wikipedia.org/wiki/Russia,Russia
http://en.wikipedia.org/wiki/Vladimir_Putin,Vladimir Putin
http://en.wikipedia.org/wiki/United_Kingdom,United Kingdom
http://en.wikipedia.org/wiki/David_Cameron,David Cameron
http://en.wikipedia.org/wiki/United_States,United States
http://en.wikipedia.org/wiki/Barack_Obama,Barack Obama
http://en.wikipedia.org/wiki/European_Union,European Union
http://en.wikipedia.org/wiki/Herman_Van_Rompuy,Herman Van Rompuy
http://en.wikipedia.org/wiki/European_Union,European Union
http://en.wikipedia.org/wiki/Template_talk:G20,Template talk:G20
http://en.wikipedia.org/wiki/G-20_major_economies,G-20 major economies
http://en.wikipedia.org/wiki/Argentina,Argentina
http://en.wikipedia.org/wiki/Argentina,Argentina
http://en.wikipedia.org/wiki/Australia,Australia
http://en.wikipedia.org/wiki/Australia,Australia
http://en.wikipedia.org/wiki/Brazil,Brazil
http://en.wikipedia.org/wiki/Brazil,Brazil
http://en.wikipedia.org/wiki/Canada,Canada
http://en.wikipedia.org/wiki/Canada,Canada
http://en.wikipedia.org/wiki/China,China
http://en.wikipedia.org/wiki/China,China
http://en.wikipedia.org/wiki/European_Union,European Union
http://en.wikipedia.org/wiki/European_Union,European Union
http://en.wikipedia.org/wiki/France,France
http://en.wikipedia.org/wiki/France,France
http://en.wikipedia.org/wiki/Germany,Germany
http://en.wikipedia.org/wiki/Germany,Germany
http://en.wikipedia.org/wiki/India,India
http://en.wikipedia.org/wiki/India,India
http://en.wikipedia.org/wiki/Indonesia,Indonesia
http://en.wikipedia.org/wiki/Indonesia,Indonesia
http://en.wikipedia.org/wiki/Italy,Italy
http://en.wikipedia.org/wiki/Italy,Italy
http://en.wikipedia.org/wiki/Japan,Japan
http://en.wikipedia.org/wiki/Mexico,Mexico
http://en.wikipedia.org/wiki/Mexico,Mexico
http://en.wikipedia.org/wiki/Russia,Russia
http://en.wikipedia.org/wiki/Russia,Russia
http://en.wikipedia.org/wiki/Saudi_Arabia,Saudi Arabia
http://en.wikipedia.org/wiki/Saudi_Arabia,Saudi Arabia
http://en.wikipedia.org/wiki/South_Africa,South Africa
http://en.wikipedia.org/wiki/South_Africa,South Africa
http://en.wikipedia.org/wiki/South_Korea,South Korea
http://en.wikipedia.org/wiki/South_Korea,South Korea
http://en.wikipedia.org/wiki/Turkey,Turkey
http://en.wikipedia.org/wiki/Turkey,Turkey
http://en.wikipedia.org/wiki/United_Kingdom,United Kingdom
http://en.wikipedia.org/wiki/United_Kingdom,United Kingdom
http://en.wikipedia.org/wiki/United_States,United States
http://en.wikipedia.org/wiki/United_States,United States
http://en.wikipedia.org/wiki/Template_talk:Trilateral_meeting_leaders,Template talk:Trilateral meeting leaders
http://en.wikipedia.org/wiki/China,China
http://en.wikipedia.org/wiki/South_Korea,South Korea
http://en.wikipedia.org/wiki/China,China
http://en.wikipedia.org/wiki/Li_Keqiang,Li Keqiang
http://en.wikipedia.org/wiki/Japan,Japan
http://en.wikipedia.org/wiki/South_Korea,South Korea
http://en.wikipedia.org/wiki/Park_Geun-hye,Park Geun-hye
http://en.wikipedia.org/wiki/China,China
http://en.wikipedia.org/wiki/Japan,Japan
http://en.wikipedia.org/wiki/Fumio_Kishida,Fumio Kishida
http://en.wikipedia.org/wiki/South_Korea,South Korea
http://en.wikipedia.org/wiki/Yun_Byung-se,Yun Byung-se
http://en.wikipedia.org/wiki/Template_talk:Monarchies,Template talk:Monarchies
http://en.wikipedia.org/wiki/Monarchy,Monarchy
http://en.wikipedia.org/wiki/List_of_current_sovereign_monarchs,List of current sovereign monarchs
http://en.wikipedia.org/wiki/List_of_current_constituent_monarchs,List of current constituent monarchs
http://en.wikipedia.org/wiki/Monarchies_in_Africa,Monarchies in Africa
http://en.wikipedia.org/wiki/Monarchies_in_the_Americas,Monarchies in the Americas
http://en.wikipedia.org/wiki/Monarchies_in_Asia,Monarchies in Asia
http://en.wikipedia.org/wiki/Monarchies_in_Europe,Monarchies in Europe
http://en.wikipedia.org/wiki/Monarchies_in_Oceania,Monarchies in Oceania
http://en.wikipedia.org/wiki/Antigua_and_Barbuda,Antigua and Barbuda
http://en.wikipedia.org/wiki/Australia,Australia
http://en.wikipedia.org/wiki/Andorra,Andorra
http://en.wikipedia.org/wiki/The_Bahamas,The Bahamas
http://en.wikipedia.org/wiki/Bahrain,Bahrain
http://en.wikipedia.org/wiki/Barbados,Barbados
http://en.wikipedia.org/wiki/Belize,Belize
http://en.wikipedia.org/wiki/Belgium,Belgium
http://en.wikipedia.org/wiki/Bhutan,Bhutan
http://en.wikipedia.org/wiki/Brunei,Brunei
http://en.wikipedia.org/wiki/Cambodia,Cambodia
http://en.wikipedia.org/wiki/Canada,Canada
http://en.wikipedia.org/wiki/Cook_Islands,Cook Islands
http://en.wikipedia.org/wiki/Denmark,Denmark
http://en.wikipedia.org/wiki/Grenada,Grenada
http://en.wikipedia.org/wiki/Jamaica,Jamaica
http://en.wikipedia.org/wiki/Jordan,Jordan
http://en.wikipedia.org/wiki/Kuwait,Kuwait
http://en.wikipedia.org/wiki/Liechtenstein,Liechtenstein
http://en.wikipedia.org/wiki/Lesotho,Lesotho
http://en.wikipedia.org/wiki/Luxembourg,Luxembourg
http://en.wikipedia.org/wiki/Malaysia,Malaysia
http://en.wikipedia.org/wiki/Monaco,Monaco
http://en.wikipedia.org/wiki/Morocco,Morocco
http://en.wikipedia.org/wiki/Kingdom_of_the_Netherlands,Kingdom of the Netherlands
http://en.wikipedia.org/wiki/New_Zealand,New Zealand
http://en.wikipedia.org/wiki/Niue,Niue
http://en.wikipedia.org/wiki/Norway,Norway
http://en.wikipedia.org/wiki/Oman,Oman
http://en.wikipedia.org/wiki/Papua_New_Guinea,Papua New Guinea
http://en.wikipedia.org/wiki/Qatar,Qatar
http://en.wikipedia.org/wiki/Spain,Spain
http://en.wikipedia.org/wiki/Saint_Kitts_and_Nevis,Saint Kitts and Nevis
http://en.wikipedia.org/wiki/Saint_Lucia,Saint Lucia
http://en.wikipedia.org/wiki/Saint_Vincent_and_the_Grenadines,Saint Vincent and the Grenadines
http://en.wikipedia.org/wiki/Saudi_Arabia,Saudi Arabia
http://en.wikipedia.org/wiki/Solomon_Islands,Solomon Islands
http://en.wikipedia.org/wiki/Swaziland,Swaziland
http://en.wikipedia.org/wiki/Sweden,Sweden
http://en.wikipedia.org/wiki/Thailand,Thailand
http://en.wikipedia.org/wiki/Tonga,Tonga
http://en.wikipedia.org/wiki/Tuvalu,Tuvalu
http://en.wikipedia.org/wiki/United_Arab_Emirates,United Arab Emirates
http://en.wikipedia.org/wiki/United_Kingdom,United Kingdom
http://en.wikipedia.org/wiki/Vatican_City,Vatican City
http://en.wikipedia.org/wiki/Absolute_monarchy,Absolute monarchy
http://en.wikipedia.org/wiki/Constitutional_monarchy,Constitutional monarchy
http://en.wikipedia.org/wiki/Elective_monarchy,Elective monarchy
http://en.wikipedia.org/wiki/Hereditary_monarchy,Hereditary monarchy
http://en.wikipedia.org/wiki/Diarchy,Diarchy
http://en.wikipedia.org/wiki/Federal_monarchy,Federal monarchy
http://en.wikipedia.org/wiki/Commonwealth_realm,Commonwealth realm
http://en.wikipedia.org/wiki/Personal_union,Personal union
http://en.wikipedia.org/wiki/Head_of_state,Head of state
http://en.wikipedia.org/wiki/Japan,View the content page [c]
http://en.wikipedia.org/wiki/Japan,
http://en.wikipedia.org/wiki/Main_Page,Visit the main page
http://en.wikipedia.org/wiki/Main_Page,Visit the main page [z]
