0,http://en.wikipedia.org/wiki/Flag_of_Japan,1,
1,http://en.wikipedia.org/wiki/Imperial_Seal_of_Japan,1,
2,http://en.wikipedia.org/wiki/Kimigayo,1,
3,http://en.wikipedia.org/wiki/Government_Seal_of_Japan,1,
4,http://en.wikipedia.org/wiki/Tokyo,3,
5,http://en.wikipedia.org/wiki/Ainu_language,1,
6,http://en.wikipedia.org/wiki/Ryukyuan_languages,1,
7,http://en.wikipedia.org/wiki/Eastern_Japanese,0,
8,http://en.wikipedia.org/wiki/Western_Japanese,0,
9,http://en.wikipedia.org/wiki/Japanese_dialects,3,
10,http://en.wikipedia.org/wiki/National_language,1,
11,http://en.wikipedia.org/wiki/Japanese_language,1,
12,http://en.wikipedia.org/wiki/Ethnic_groups,0,
13,http://en.wikipedia.org/wiki/Japanese_people,1,
14,http://en.wikipedia.org/wiki/Koreans_in_Japan,1,
15,http://en.wikipedia.org/wiki/Chinese_people_in_Japan,1,
16,http://en.wikipedia.org/wiki/Demonym,1,
17,http://en.wikipedia.org/wiki/Japanese_people,1,
18,http://en.wikipedia.org/wiki/Politics_of_Japan,1,
19,http://en.wikipedia.org/wiki/Unitary_state,1,
20,http://en.wikipedia.org/wiki/Parliamentary_system,1,
21,http://en.wikipedia.org/wiki/Constitutional_monarchy,1,
22,http://en.wikipedia.org/wiki/Emperor_of_Japan,1,
23,http://en.wikipedia.org/wiki/Akihito,1,
24,http://en.wikipedia.org/wiki/Prime_Minister_of_Japan,1,
25,http://en.wikipedia.org/wiki/Deputy_Prime_Minister_of_Japan,1,
26,http://en.wikipedia.org/wiki/National_Diet,2,
27,http://en.wikipedia.org/wiki/Upper_house,1,
28,http://en.wikipedia.org/wiki/House_of_Councillors,1,
29,http://en.wikipedia.org/wiki/Lower_house,1,
30,http://en.wikipedia.org/wiki/History_of_Japan,1,
31,http://en.wikipedia.org/wiki/National_Foundation_Day,1,
32,http://en.wikipedia.org/wiki/Meiji_Constitution,1,
33,http://en.wikipedia.org/wiki/Constitution_of_Japan,1,
34,http://en.wikipedia.org/wiki/Treaty_of_San_Francisco,1,
35,http://en.wikipedia.org/wiki/Geography_of_Japan,2,
36,http://en.wikipedia.org/wiki/List_of_countries_and_dependencies_by_area,1,
37,http://en.wikipedia.org/wiki/Demographics_of_Japan,1,
38,http://en.wikipedia.org/wiki/List_of_countries_by_population,1,
39,http://en.wikipedia.org/wiki/List_of_sovereign_states_and_dependent_territories_by_population_density,2,
40,http://en.wikipedia.org/wiki/Gross_domestic_product,2,
41,http://en.wikipedia.org/wiki/Purchasing_power_parity,1,
42,http://en.wikipedia.org/wiki/Gross_domestic_product,2,
43,http://en.wikipedia.org/wiki/Gini_coefficient,1,
44,http://en.wikipedia.org/wiki/List_of_countries_by_income_equality,1,
45,http://en.wikipedia.org/wiki/Human_Development_Index,1,
46,http://en.wikipedia.org/wiki/List_of_countries_by_Human_Development_Index,1,
47,http://en.wikipedia.org/wiki/Japanese_yen,1,
48,http://en.wikipedia.org/wiki/ISO_4217,1,
49,http://en.wikipedia.org/wiki/Japan_Standard_Time,1,
50,http://en.wikipedia.org/wiki/Coordinated_Universal_Time,1,
51,http://en.wikipedia.org/wiki/Daylight_saving_time,1,
52,http://en.wikipedia.org/wiki/Coordinated_Universal_Time,1,
53,http://en.wikipedia.org/wiki/Japanese_era_name,1,
54,http://en.wikipedia.org/wiki/Anno_Domini,1,
55,http://en.wikipedia.org/wiki/Right-_and_left-hand_traffic#Japan,0,
56,http://en.wikipedia.org/wiki/Telephone_numbers_in_Japan,1,
57,http://en.wikipedia.org/wiki/Telephone_numbers_in_Japan,1,
58,http://en.wikipedia.org/wiki/ISO_3166,1,
59,http://en.wikipedia.org/wiki/ISO_3166-2:JP,0,
60,http://en.wikipedia.org/wiki/Country_code_top-level_domain,1,
61,http://en.wikipedia.org/wiki/.jp,1,
62,http://en.wikipedia.org/wiki/Japanese_language,1,
63,http://en.wikipedia.org/wiki/Japanese_language,1,
64,http://en.wikipedia.org/wiki/Island_country,1,
65,http://en.wikipedia.org/wiki/East_Asia,3,
66,http://en.wikipedia.org/wiki/Pacific_Ocean,1,
67,http://en.wikipedia.org/wiki/Sea_of_Japan,1,
68,http://en.wikipedia.org/wiki/China,1,
69,http://en.wikipedia.org/wiki/North_Korea,3,
70,http://en.wikipedia.org/wiki/South_Korea,1,
71,http://en.wikipedia.org/wiki/Russia,1,
72,http://en.wikipedia.org/wiki/Sea_of_Okhotsk,1,
73,http://en.wikipedia.org/wiki/East_China_Sea,1,
74,http://en.wikipedia.org/wiki/Taiwan,1,
75,http://en.wikipedia.org/wiki/Kanji,1,
76,http://en.wikipedia.org/wiki/Names_of_Japan,1,
77,http://en.wikipedia.org/wiki/Archipelago,1,
78,http://en.wikipedia.org/wiki/List_of_islands_of_Japan,1,
79,http://en.wikipedia.org/wiki/Honshu,1,
80,http://en.wikipedia.org/wiki/Hokkaido,1,
81,http://en.wikipedia.org/wiki/Kyushu,1,
82,http://en.wikipedia.org/wiki/Shikoku,1,
83,http://en.wikipedia.org/wiki/List_of_countries_by_population,1,
84,http://en.wikipedia.org/wiki/Greater_Tokyo_Area,1,
85,http://en.wikipedia.org/wiki/Capital_of_Japan,1,
86,http://en.wikipedia.org/wiki/Tokyo,3,
87,http://en.wikipedia.org/wiki/Prefectures_of_Japan,1,
88,http://en.wikipedia.org/wiki/Upper_Paleolithic,1,
89,http://en.wikipedia.org/wiki/History_of_China,1,
90,http://en.wikipedia.org/wiki/History_of_Japan,1,
91,http://en.wikipedia.org/wiki/Shogun,1,
92,http://en.wikipedia.org/wiki/Emperor_Meiji,1,
93,http://en.wikipedia.org/wiki/Empire_of_Japan,1,
94,http://en.wikipedia.org/wiki/First_Sino-Japanese_War,1,
95,http://en.wikipedia.org/wiki/Russo-Japanese_War,1,
96,http://en.wikipedia.org/wiki/World_War_I,2,
97,http://en.wikipedia.org/wiki/Second_Sino-Japanese_War,1,
98,http://en.wikipedia.org/wiki/World_War_II,1,
99,http://en.wikipedia.org/wiki/Atomic_bombings_of_Hiroshima_and_Nagasaki,1,
100,http://en.wikipedia.org/wiki/Constitution_of_Japan,1,
101,http://en.wikipedia.org/wiki/Constitutional_monarchy,1,
102,http://en.wikipedia.org/wiki/Emperor_of_Japan,1,
103,http://en.wikipedia.org/wiki/Diet_of_Japan,0,
104,http://en.wikipedia.org/wiki/Great_power,1,
105,http://en.wikipedia.org/wiki/List_of_countries_by_exports,1,
106,http://en.wikipedia.org/wiki/List_of_countries_by_imports,1,
107,http://en.wikipedia.org/wiki/Article_9_of_the_Japanese_Constitution,1,
108,http://en.wikipedia.org/wiki/List_of_countries_by_military_expenditures,1,
109,http://en.wikipedia.org/wiki/Human_Development_Index,1,
110,http://en.wikipedia.org/wiki/Women_in_Japan,1,
111,http://en.wikipedia.org/wiki/Life_expectancy,1,
112,http://en.wikipedia.org/wiki/Infant_mortality,1,
113,http://en.wikipedia.org/wiki/Names_of_Japan,1,
114,http://en.wikipedia.org/wiki/Chinese_language,1,
115,http://en.wikipedia.org/wiki/Meiji_Restoration,1,
116,http://en.wikipedia.org/wiki/World_War_II,1,
117,http://en.wikipedia.org/wiki/Empire_of_Japan,1,
118,http://en.wikipedia.org/wiki/Japanese_people,1,
119,http://en.wikipedia.org/wiki/Japanese_missions_to_Imperial_China,1,
120,http://en.wikipedia.org/wiki/Nanban_trade,1,
121,http://en.wikipedia.org/wiki/Old_Mandarin,1,
122,http://en.wikipedia.org/wiki/Wu_Chinese,1,
123,http://en.wikipedia.org/wiki/Marco_Polo,1,
124,http://en.wikipedia.org/wiki/Shanghainese,1,
125,http://en.wikipedia.org/wiki/Malay_language,1,
126,http://en.wikipedia.org/wiki/Hokkien,1,
127,http://en.wikipedia.org/wiki/Ningbo_dialect,1,
128,http://en.wikipedia.org/wiki/Portuguese_Empire,1,
129,http://en.wikipedia.org/wiki/Portuguese_Malacca,1,
130,http://en.wikipedia.org/wiki/History_of_Japan,1,
131,http://en.wikipedia.org/wiki/National_Treasures_of_Japan,1,
132,http://en.wikipedia.org/wiki/List_of_World_Heritage_Sites_in_Japan,2,
133,http://en.wikipedia.org/wiki/Japanese_Paleolithic,1,
134,http://en.wikipedia.org/wiki/Mesolithic,1,
135,http://en.wikipedia.org/wiki/Neolithic,1,
136,http://en.wikipedia.org/wiki/Hunter-gatherer,1,
137,http://en.wikipedia.org/wiki/Ainu_people,1,
138,http://en.wikipedia.org/wiki/Yamato_people,1,
139,http://en.wikipedia.org/wiki/Yayoi_period#Origin_of_the_Yayoi_people,0,
140,http://en.wikipedia.org/wiki/Yayoi_period,1,
141,http://en.wikipedia.org/wiki/Rice,2,
142,http://en.wikipedia.org/wiki/Metallurgy,1,
143,http://en.wikipedia.org/wiki/Book_of_Han,1,
144,http://en.wikipedia.org/wiki/Records_of_the_Three_Kingdoms,1,
145,http://en.wikipedia.org/wiki/Yamatai,1,
146,http://en.wikipedia.org/wiki/Baekje,1,
147,http://en.wikipedia.org/wiki/Korea,2,
148,http://en.wikipedia.org/wiki/Buddhism_in_Japan,1,
149,http://en.wikipedia.org/wiki/Asuka_period,1,
150,http://en.wikipedia.org/wiki/Nara_period,1,
151,http://en.wikipedia.org/wiki/Nara,3,
152,http://en.wikipedia.org/wiki/Japanese_literature,1,
153,http://en.wikipedia.org/wiki/Historic_Monuments_of_Ancient_Nara,1,
154,http://en.wikipedia.org/wiki/Smallpox,1,
155,http://en.wikipedia.org/wiki/Emperor_Kammu,0,
156,http://en.wikipedia.org/wiki/Kyoto,5,
157,http://en.wikipedia.org/wiki/Mongol_invasions_of_Japan,1,
158,http://en.wikipedia.org/wiki/Heian_period,1,
159,http://en.wikipedia.org/wiki/Japanese_art,1,
160,http://en.wikipedia.org/wiki/Japanese_poetry,1,
161,http://en.wikipedia.org/wiki/Murasaki_Shikibu,1,
162,http://en.wikipedia.org/wiki/The_Tale_of_Genji,1,
163,http://en.wikipedia.org/wiki/Kimigayo,1,
164,http://en.wikipedia.org/wiki/Tendai,1,
165,http://en.wikipedia.org/wiki/Shingon,1,
166,http://en.wikipedia.org/wiki/Pure_Land_Buddhism,1,
167,http://en.wikipedia.org/wiki/Samurai,1,
168,http://en.wikipedia.org/wiki/Taira_clan,1,
169,http://en.wikipedia.org/wiki/Genpei_war,0,
170,http://en.wikipedia.org/wiki/The_Tale_of_the_Heike,1,
171,http://en.wikipedia.org/wiki/Minamoto_no_Yoritomo,1,
172,http://en.wikipedia.org/wiki/Shogun,1,
173,http://en.wikipedia.org/wiki/Kamakura,3,
174,http://en.wikipedia.org/wiki/Zen,1,
175,http://en.wikipedia.org/wiki/Kamakura_period,1,
176,http://en.wikipedia.org/wiki/Kamakura_shogunate,1,
177,http://en.wikipedia.org/wiki/Mongol_invasions_of_Japan,1,
178,http://en.wikipedia.org/wiki/Kenmu_Restoration,1,
179,http://en.wikipedia.org/wiki/Ashikaga_Takauji,1,
180,http://en.wikipedia.org/wiki/Samurai,1,
181,http://en.wikipedia.org/wiki/Kiri-sute_gomen,1,
182,http://en.wikipedia.org/wiki/Edo_period,1,
183,http://en.wikipedia.org/wiki/Kyoto,5,
184,http://en.wikipedia.org/wiki/Muromachi_Period,0,
185,http://en.wikipedia.org/wiki/Ashikaga_shogunate,1,
186,http://en.wikipedia.org/wiki/Ashikaga_Yoshimitsu,1,
187,http://en.wikipedia.org/wiki/Miyabi,1,
188,http://en.wikipedia.org/wiki/Higashiyama_period,1,
189,http://en.wikipedia.org/wiki/Daimyo,1,
190,http://en.wikipedia.org/wiki/Sengoku_period,1,
191,http://en.wikipedia.org/wiki/Society_of_Jesus,1,
192,http://en.wikipedia.org/wiki/Missionary,1,
193,http://en.wikipedia.org/wiki/Portugal,1,
194,http://en.wikipedia.org/wiki/Nanban_trade,1,
195,http://en.wikipedia.org/wiki/Nanban_art,1,
196,http://en.wikipedia.org/wiki/Oda_Nobunaga,1,
197,http://en.wikipedia.org/wiki/Toyotomi_Hideyoshi,1,
198,http://en.wikipedia.org/wiki/Ming_Dynasty,0,
199,http://en.wikipedia.org/wiki/Tokugawa_Ieyasu,1,
200,http://en.wikipedia.org/wiki/Toyotomi_Hideyori,1,
201,http://en.wikipedia.org/wiki/Battle_of_Sekigahara,1,
202,http://en.wikipedia.org/wiki/Tokugawa_shogunate,1,
203,http://en.wikipedia.org/wiki/Edo,2,
204,http://en.wikipedia.org/wiki/Buke_shohatto,1,
205,http://en.wikipedia.org/wiki/Sakoku,1,
206,http://en.wikipedia.org/wiki/Edo_period,1,
207,http://en.wikipedia.org/wiki/Rangaku,1,
208,http://en.wikipedia.org/wiki/Dejima,1,
209,http://en.wikipedia.org/wiki/Nagasaki,2,
210,http://en.wikipedia.org/wiki/Kokugaku,1,
211,http://en.wikipedia.org/wiki/Matthew_C._Perry,1,
212,http://en.wikipedia.org/wiki/Black_Ships,1,
213,http://en.wikipedia.org/wiki/United_States_Navy,1,
214,http://en.wikipedia.org/wiki/Convention_of_Kanagawa,1,
215,http://en.wikipedia.org/wiki/Bakumatsu,1,
216,http://en.wikipedia.org/wiki/Boshin_War,1,
217,http://en.wikipedia.org/wiki/Abolition_of_the_han_system,1,
218,http://en.wikipedia.org/wiki/Meiji_Restoration,1,
219,http://en.wikipedia.org/wiki/First_Sino-Japanese_War,1,
220,http://en.wikipedia.org/wiki/Cabinet_of_Japan,1,
221,http://en.wikipedia.org/wiki/Meiji_Constitution,1,
222,http://en.wikipedia.org/wiki/Diet_of_Japan,0,
223,http://en.wikipedia.org/wiki/Empire_of_Japan,1,
224,http://en.wikipedia.org/wiki/First_Sino-Japanese_War,1,
225,http://en.wikipedia.org/wiki/Russo-Japanese_War,1,
226,http://en.wikipedia.org/wiki/Sakhalin,1,
227,http://en.wikipedia.org/wiki/Emperor_Meiji,1,
228,http://en.wikipedia.org/wiki/Meiji_Restoration,1,
229,http://en.wikipedia.org/wiki/Tokugawa_shogunate,1,
230,http://en.wikipedia.org/wiki/Expansionism,1,
231,http://en.wikipedia.org/wiki/Japanese_militarism,1,
232,http://en.wikipedia.org/wiki/World_War_I,2,
233,http://en.wikipedia.org/wiki/Allies_of_World_War_I,2,
234,http://en.wikipedia.org/wiki/Japan_during_World_War_I,1,
235,http://en.wikipedia.org/wiki/Manchuria,1,
236,http://en.wikipedia.org/wiki/Lytton_Report,1,
237,http://en.wikipedia.org/wiki/League_of_Nations,1,
238,http://en.wikipedia.org/wiki/Anti-Comintern_Pact,1,
239,http://en.wikipedia.org/wiki/Nazi_Germany,1,
240,http://en.wikipedia.org/wiki/Tripartite_Pact,1,
241,http://en.wikipedia.org/wiki/Second_Sino-Japanese_War,1,
242,http://en.wikipedia.org/wiki/Nanjing,1,
243,http://en.wikipedia.org/wiki/Nanking_Massacre,1,
244,http://en.wikipedia.org/wiki/Japanese_invasion_of_French_Indochina,1,
245,http://en.wikipedia.org/wiki/Attack_on_Pearl_Harbor,1,
246,http://en.wikipedia.org/wiki/Pearl_Harbor,1,
247,http://en.wikipedia.org/wiki/Soviet_invasion_of_Manchuria,1,
248,http://en.wikipedia.org/wiki/Atomic_bombings_of_Hiroshima_and_Nagasaki,1,
249,http://en.wikipedia.org/wiki/Surrender_of_Japan,1,
250,http://en.wikipedia.org/wiki/Greater_East_Asia_Co-Prosperity_Sphere,1,
251,http://en.wikipedia.org/wiki/Allies_of_World_War_II,1,
252,http://en.wikipedia.org/wiki/Japanese_diaspora,2,
253,http://en.wikipedia.org/wiki/International_Military_Tribunal_for_the_Far_East,1,
254,http://en.wikipedia.org/wiki/Japanese_war_crimes,1,
255,http://en.wikipedia.org/wiki/Unit_731,1,
256,http://en.wikipedia.org/wiki/Supreme_Allied_Commander,1,
257,http://en.wikipedia.org/wiki/Constitution_of_Japan,1,
258,http://en.wikipedia.org/wiki/Occupation_of_Japan,1,
259,http://en.wikipedia.org/wiki/Treaty_of_San_Francisco,1,
260,http://en.wikipedia.org/wiki/Japanese_post-war_economic_miracle,1,
261,http://en.wikipedia.org/wiki/Japanese_asset_price_bubble,1,
262,http://en.wikipedia.org/wiki/Fukushima_Daiichi_nuclear_disaster,1,
263,http://en.wikipedia.org/wiki/Nuclear_power,2,
264,http://en.wikipedia.org/wiki/Akihito,1,
265,http://en.wikipedia.org/wiki/Empress_Michiko,1,
266,http://en.wikipedia.org/wiki/Constitutional_monarchy,1,
267,http://en.wikipedia.org/wiki/Emperor_of_Japan,1,
268,http://en.wikipedia.org/wiki/Constitution_of_Japan,1,
269,http://en.wikipedia.org/wiki/Prime_Minister_of_Japan,1,
270,http://en.wikipedia.org/wiki/Akihito,1,
271,http://en.wikipedia.org/wiki/Crown_Prince_Naruhito,0,
272,http://en.wikipedia.org/wiki/Diet_of_Japan,0,
273,http://en.wikipedia.org/wiki/House_of_Representatives_of_Japan,0,
274,http://en.wikipedia.org/wiki/House_of_Councillors,1,
275,http://en.wikipedia.org/wiki/Universal_suffrage,1,
276,http://en.wikipedia.org/wiki/Secret_ballot,1,
277,http://en.wikipedia.org/wiki/Democratic_Party_of_Japan,1,
278,http://en.wikipedia.org/wiki/Minister_of_State,1,
279,http://en.wikipedia.org/wiki/Japanese_general_election,1,
280,http://en.wikipedia.org/wiki/Yoshihiko_Noda,1,
281,http://en.wikipedia.org/wiki/Chinese_law,1,
282,http://en.wikipedia.org/wiki/Law_of_Japan,1,
283,http://en.wikipedia.org/wiki/Edo,2,
284,http://en.wikipedia.org/wiki/Kujikata_Osadamegaki,1,
285,http://en.wikipedia.org/wiki/Judicial_system_of_Japan,1,
286,http://en.wikipedia.org/wiki/Supreme_Court_of_Japan,1,
287,http://en.wikipedia.org/wiki/Six_Codes,1,
288,http://en.wikipedia.org/wiki/Foreign_relations_of_Japan,1,
289,http://en.wikipedia.org/wiki/Japan_Self-Defense_Forces,1,
290,http://en.wikipedia.org/wiki/Guided_missile_destroyer,1,
291,http://en.wikipedia.org/wiki/RIM-161_Standard_Missile_3,1,
292,http://en.wikipedia.org/wiki/Anti-ballistic_missile,1,
293,http://en.wikipedia.org/wiki/G8,1,
294,http://en.wikipedia.org/wiki/Asia-Pacific_Economic_Cooperation,1,
295,http://en.wikipedia.org/wiki/ASEAN_Plus_Three,0,
296,http://en.wikipedia.org/wiki/East_Asia_Summit,1,
297,http://en.wikipedia.org/wiki/Australia,1,
298,http://en.wikipedia.org/wiki/India,1,
299,http://en.wikipedia.org/wiki/Official_development_assistance,1,
300,http://en.wikipedia.org/wiki/United_Nations_Security_Council,1,
301,http://en.wikipedia.org/wiki/List_of_members_of_the_United_Nations_Security_Council#List_by_number_of_years_as_Security_Council_member,0,
302,http://en.wikipedia.org/wiki/G4_nations,1,
303,http://en.wikipedia.org/wiki/Kuril_Islands_dispute,1,
304,http://en.wikipedia.org/wiki/Liancourt_Rocks,1,
305,http://en.wikipedia.org/wiki/Senkaku_Islands,1,
306,http://en.wikipedia.org/wiki/Exclusive_economic_zone,1,
307,http://en.wikipedia.org/wiki/Okinotorishima,1,
308,http://en.wikipedia.org/wiki/North_Korea,3,
309,http://en.wikipedia.org/wiki/North_Korean_abductions_of_Japanese_citizens,1,
310,http://en.wikipedia.org/wiki/North_Korea_and_weapons_of_mass_destruction,1,
311,http://en.wikipedia.org/wiki/Six-party_talks,1,
312,http://en.wikipedia.org/wiki/Iraq_War,1,
313,http://en.wikipedia.org/wiki/Japan_Maritime_Self-Defense_Force,1,
314,http://en.wikipedia.org/wiki/RIMPAC,0,
315,http://en.wikipedia.org/wiki/Japan_Ground_Self-Defense_Force,1,
316,http://en.wikipedia.org/wiki/Japan_Air_Self-Defense_Force,1,
317,http://en.wikipedia.org/wiki/Japanese_Iraq_Reconstruction_and_Support_Group,1,
318,http://en.wikipedia.org/wiki/Nippon_Keidanren,0,
319,http://en.wikipedia.org/wiki/Joint_Strike_Fighter_program,1,
320,http://en.wikipedia.org/wiki/Prefectures_of_Japan,1,
321,http://en.wikipedia.org/wiki/Regions_of_Japan,0,
322,http://en.wikipedia.org/wiki/Cities_of_Japan,1,
323,http://en.wikipedia.org/wiki/Towns_of_Japan,0,
324,http://en.wikipedia.org/wiki/Villages_of_Japan,0,
325,http://en.wikipedia.org/wiki/Merger_and_dissolution_of_municipalities_of_Japan,0,
326,http://en.wikipedia.org/wiki/Hokkaido,1,
327,http://en.wikipedia.org/wiki/Geography_of_Japan,2,
328,http://en.wikipedia.org/wiki/Geology_of_Japan,1,
329,http://en.wikipedia.org/wiki/Japanese_archipelago,1,
330,http://en.wikipedia.org/wiki/Pacific_coast,1,
331,http://en.wikipedia.org/wiki/Hokkaido,1,
332,http://en.wikipedia.org/wiki/Honshu,1,
333,http://en.wikipedia.org/wiki/Shikoku,1,
334,http://en.wikipedia.org/wiki/Kyushu,1,
335,http://en.wikipedia.org/wiki/Ryukyu_Islands,1,
336,http://en.wikipedia.org/wiki/Okinawa,5,
337,http://en.wikipedia.org/wiki/Japanese_Archipelago,0,
338,http://en.wikipedia.org/wiki/Agriculture,1,
339,http://en.wikipedia.org/wiki/Manufacturing_in_Japan,2,
340,http://en.wikipedia.org/wiki/Housing_in_Japan,1,
341,http://en.wikipedia.org/wiki/List_of_countries_by_population_density,0,
342,http://en.wikipedia.org/wiki/Volcano,1,
343,http://en.wikipedia.org/wiki/Pacific_Ring_of_Fire,0,
344,http://en.wikipedia.org/wiki/Subduction,1,
345,http://en.wikipedia.org/wiki/Philippine_Sea_Plate,1,
346,http://en.wikipedia.org/wiki/Amurian_Plate,1,
347,http://en.wikipedia.org/wiki/Okinawa_Plate,1,
348,http://en.wikipedia.org/wiki/Pacific_Plate,1,
349,http://en.wikipedia.org/wiki/Okhotsk_Plate,1,
350,http://en.wikipedia.org/wiki/Sea_of_Japan,1,
351,http://en.wikipedia.org/wiki/Tsunami,1,
352,http://en.wikipedia.org/wiki/Great_Hanshin_earthquake,1,
353,http://en.wikipedia.org/wiki/Climate_of_Japan,0,
354,http://en.wikipedia.org/wiki/Cherry_blossom,1,
355,http://en.wikipedia.org/wiki/Mount_Yoshino,1,
356,http://en.wikipedia.org/wiki/Autumn,1,
357,http://en.wikipedia.org/wiki/Maple_tree,0,
358,http://en.wikipedia.org/wiki/Momiji,0,
359,http://en.wikipedia.org/wiki/Temperate,3,
360,http://en.wikipedia.org/wiki/Seto_Inland_Sea,1,
361,http://en.wikipedia.org/wiki/Humid_continental_climate,1,
362,http://en.wikipedia.org/wiki/Foehn_wind,1,
363,http://en.wikipedia.org/wiki/Humid_subtropical,1,
364,http://en.wikipedia.org/wiki/Subtropics,1,
365,http://en.wikipedia.org/wiki/Japanese_art,1,
366,http://en.wikipedia.org/wiki/Japanese_literature,1,
367,http://en.wikipedia.org/wiki/East_Asian_rainy_season,1,
368,http://en.wikipedia.org/wiki/Typhoon,1,
369,http://en.wikipedia.org/wiki/Japanese_macaque,1,
370,http://en.wikipedia.org/wiki/Jigokudani_Monkey_Park,1,
371,http://en.wikipedia.org/wiki/Ecoregions_in_Japan,0,
372,http://en.wikipedia.org/wiki/Tropical_and_subtropical_moist_broadleaf_forests,1,
373,http://en.wikipedia.org/wiki/Bonin_Islands,1,
374,http://en.wikipedia.org/wiki/Temperate_broadleaf_and_mixed_forests,0,
375,http://en.wikipedia.org/wiki/Temperate_coniferous_forest,1,
376,http://en.wikipedia.org/wiki/Wildlife_of_Japan,1,
377,http://en.wikipedia.org/wiki/Brown_bear,1,
378,http://en.wikipedia.org/wiki/Japanese_macaque,1,
379,http://en.wikipedia.org/wiki/Japanese_raccoon_dog,1,
380,http://en.wikipedia.org/wiki/Japanese_giant_salamander,1,
381,http://en.wikipedia.org/wiki/List_of_national_parks_of_Japan,1,
382,http://en.wikipedia.org/wiki/Ramsar_sites_in_Japan,0,
383,http://en.wikipedia.org/wiki/World_Heritage_Sites_in_Japan,0,
384,http://en.wikipedia.org/wiki/Environmental_issues_in_Japan,1,
385,http://en.wikipedia.org/wiki/World_War_II,1,
386,http://en.wikipedia.org/wiki/Four_Big_Pollution_Diseases_of_Japan,1,
387,http://en.wikipedia.org/wiki/1973_oil_crisis,1,
388,http://en.wikipedia.org/wiki/NOx,1,
389,http://en.wikipedia.org/wiki/Waste_management,1,
390,http://en.wikipedia.org/wiki/Eutrophication,1,
391,http://en.wikipedia.org/wiki/Nature_conservation,0,
392,http://en.wikipedia.org/wiki/Environmental_Performance_Index,1,
393,http://en.wikipedia.org/wiki/Kyoto_Protocol,1,
394,http://en.wikipedia.org/wiki/Economy_of_Japan,1,
395,http://en.wikipedia.org/wiki/Tokyo_Stock_Exchange,1,
396,http://en.wikipedia.org/wiki/Futures_contract,1,
397,http://en.wikipedia.org/wiki/Osaka_rice_brokers,0,
398,http://en.wikipedia.org/wiki/Market_economy,1,
399,http://en.wikipedia.org/wiki/Japanese_post-war_economic_miracle,1,
400,http://en.wikipedia.org/wiki/Japanese_asset_price_bubble,1,
401,http://en.wikipedia.org/wiki/Dot-com_bubble,1,
402,http://en.wikipedia.org/wiki/European_Union,1,
403,http://en.wikipedia.org/wiki/Nominal_GDP,0,
404,http://en.wikipedia.org/wiki/Purchasing_power_parity,1,
405,http://en.wikipedia.org/wiki/Government_debt,1,
406,http://en.wikipedia.org/wiki/Service_sector,0,
407,http://en.wikipedia.org/wiki/Electronics,1,
408,http://en.wikipedia.org/wiki/Machine_tool,1,
409,http://en.wikipedia.org/wiki/Chemical_substance,1,
410,http://en.wikipedia.org/wiki/Food_processing,1,
411,http://en.wikipedia.org/wiki/Agriculture,1,
412,http://en.wikipedia.org/wiki/List_of_countries_by_unemployment_rate,1,
413,http://en.wikipedia.org/wiki/Housing_in_Japan,1,
414,http://en.wikipedia.org/wiki/Hybrid_vehicle,1,
415,http://en.wikipedia.org/wiki/Toyota,1,
416,http://en.wikipedia.org/wiki/Saudi_Arabia,1,
417,http://en.wikipedia.org/wiki/United_Arab_Emirates,1,
418,http://en.wikipedia.org/wiki/Fossil_fuel,1,
419,http://en.wikipedia.org/wiki/Organisation_for_Economic_Co-operation_and_Development,2,
420,http://en.wikipedia.org/wiki/Junichiro_Koizumi,1,
421,http://en.wikipedia.org/wiki/Ease_of_doing_business_index,1,
422,http://en.wikipedia.org/wiki/List_of_countries_by_tax_revenue_as_percentage_of_GDP,1,
423,http://en.wikipedia.org/wiki/Keiretsu,1,
424,http://en.wikipedia.org/wiki/Permanent_employment,1,
425,http://en.wikipedia.org/wiki/Japanese_work_environment,1,
426,http://en.wikipedia.org/wiki/The_Toyota_Way,1,
427,http://en.wikipedia.org/wiki/Shareholder_activism,0,
428,http://en.wikipedia.org/wiki/Toyota,1,
429,http://en.wikipedia.org/wiki/Nintendo,1,
430,http://en.wikipedia.org/wiki/NTT_DoCoMo,1,
431,http://en.wikipedia.org/wiki/Canon_Inc.,0,
432,http://en.wikipedia.org/wiki/Honda,1,
433,http://en.wikipedia.org/wiki/Takeda_Pharmaceutical_Company,1,
434,http://en.wikipedia.org/wiki/Sony,1,
435,http://en.wikipedia.org/wiki/Panasonic_Corporation,0,
436,http://en.wikipedia.org/wiki/Toshiba,1,
437,http://en.wikipedia.org/wiki/Sharp_Corporation,1,
438,http://en.wikipedia.org/wiki/Nippon_Steel,1,
439,http://en.wikipedia.org/wiki/Nippon_Oil,1,
440,http://en.wikipedia.org/wiki/Tokyo_Stock_Exchange,1,
441,http://en.wikipedia.org/wiki/Nikkei_225,1,
442,http://en.wikipedia.org/wiki/TOPIX,1,
443,http://en.wikipedia.org/wiki/Market_capitalization,1,
444,http://en.wikipedia.org/wiki/Forbes_Global_2000,1,
445,http://en.wikipedia.org/wiki/Shale,1,
446,http://en.wikipedia.org/wiki/Natural_gas,1,
447,http://en.wikipedia.org/wiki/Science_and_technology_in_Japan,1,
448,http://en.wikipedia.org/wiki/Japanese_Experiment_Module,0,
449,http://en.wikipedia.org/wiki/International_Space_Station,1,
450,http://en.wikipedia.org/wiki/Biomedical_research,0,
451,http://en.wikipedia.org/wiki/Research_and_development,1,
452,http://en.wikipedia.org/wiki/Fundamental_research,0,
453,http://en.wikipedia.org/wiki/Nobel_Prize,2,
454,http://en.wikipedia.org/wiki/Fields_Medal,1,
455,http://en.wikipedia.org/wiki/Carl_Friedrich_Gauss_Prize,1,
456,http://en.wikipedia.org/wiki/Earthquake_engineering,1,
457,http://en.wikipedia.org/wiki/Industrial_robot,1,
458,http://en.wikipedia.org/wiki/Optics,1,
459,http://en.wikipedia.org/wiki/Semiconductor,1,
460,http://en.wikipedia.org/wiki/Robotics,1,
461,http://en.wikipedia.org/wiki/Japan_Aerospace_Exploration_Agency,0,
462,http://en.wikipedia.org/wiki/Space_agency,0,
463,http://en.wikipedia.org/wiki/International_Space_Station,1,
464,http://en.wikipedia.org/wiki/Japanese_Experiment_Module,0,
465,http://en.wikipedia.org/wiki/Space_Shuttle,1,
466,http://en.wikipedia.org/wiki/Space_exploration,1,
467,http://en.wikipedia.org/wiki/Space_probe,1,
468,http://en.wikipedia.org/wiki/Venus,1,
469,http://en.wikipedia.org/wiki/Mercury_Magnetospheric_Orbiter,0,
470,http://en.wikipedia.org/wiki/Colonization_of_the_Moon,1,
471,http://en.wikipedia.org/wiki/SELENE,1,
472,http://en.wikipedia.org/wiki/H-IIA,1,
473,http://en.wikipedia.org/wiki/Tanegashima_Space_Center,1,
474,http://en.wikipedia.org/wiki/The_Tale_of_the_Bamboo_Cutter,1,
475,http://en.wikipedia.org/wiki/Apollo_program,1,
476,http://en.wikipedia.org/wiki/Moon#Formation,0,
477,http://en.wikipedia.org/wiki/Energy_in_Japan,1,
478,http://en.wikipedia.org/wiki/Transport_in_Japan,1,
479,http://en.wikipedia.org/wiki/Shinkansen,1,
480,http://en.wikipedia.org/wiki/Tokyo_Station,1,
481,http://en.wikipedia.org/wiki/Nuclear_power_in_Japan,1,
482,http://en.wikipedia.org/wiki/Hydropower,1,
483,http://en.wikipedia.org/wiki/Fukushima_Daiichi_nuclear_disaster,1,
484,http://en.wikipedia.org/wiki/List_of_countries_by_oil_imports,1,
485,http://en.wikipedia.org/wiki/Toll_road,1,
486,http://en.wikipedia.org/wiki/List_of_railway_companies_in_Japan,1,
487,http://en.wikipedia.org/wiki/Japan_Railways_Group,1,
488,http://en.wikipedia.org/wiki/Kintetsu,1,
489,http://en.wikipedia.org/wiki/Seibu_Railway,1,
490,http://en.wikipedia.org/wiki/Keio_Corporation,1,
491,http://en.wikipedia.org/wiki/Shinkansen,1,
492,http://en.wikipedia.org/wiki/Haneda_Airport,1,
493,http://en.wikipedia.org/wiki/Narita_International_Airport,1,
494,http://en.wikipedia.org/wiki/Kansai_International_Airport,1,
495,http://en.wikipedia.org/wiki/Nagoya_Port,0,
496,http://en.wikipedia.org/wiki/Demographics_of_Japan,1,
497,http://en.wikipedia.org/wiki/Japanese_people,1,
498,http://en.wikipedia.org/wiki/Ethnic_issues_in_Japan,1,
499,http://en.wikipedia.org/wiki/Ainu_people,1,
500,http://en.wikipedia.org/wiki/Meiji_Shrine,1,
501,http://en.wikipedia.org/wiki/Linguistics,1,
502,http://en.wikipedia.org/wiki/Koreans_in_Japan,1,
503,http://en.wikipedia.org/wiki/Chinese_people_in_Japan,1,
504,http://en.wikipedia.org/wiki/Filipinos_in_Japan,1,
505,http://en.wikipedia.org/wiki/Brazilian_people,1,
506,http://en.wikipedia.org/wiki/Japanese_Brazilian,1,
507,http://en.wikipedia.org/wiki/Peruvian_people,1,
508,http://en.wikipedia.org/wiki/Japanese_Peruvian,1,
509,http://en.wikipedia.org/wiki/Latin_Americans,1,
510,http://en.wikipedia.org/wiki/Brazilians_in_Japan,1,
511,http://en.wikipedia.org/wiki/Nikkeijin,0,
512,http://en.wikipedia.org/wiki/Yamato_people,1,
513,http://en.wikipedia.org/wiki/Ainu_people,1,
514,http://en.wikipedia.org/wiki/Ryukyuan_people,1,
515,http://en.wikipedia.org/wiki/Burakumin,1,
516,http://en.wikipedia.org/wiki/Bonin_Islands,1,
517,http://en.wikipedia.org/wiki/Multiethnic_society,0,
518,http://en.wikipedia.org/wiki/John_Lie,1,
519,http://en.wikipedia.org/wiki/Monoculturalism,1,
520,http://en.wikipedia.org/wiki/Ainu_people,1,
521,http://en.wikipedia.org/wiki/Ryukyuan_people,1,
522,http://en.wikipedia.org/wiki/Life_expectancy,1,
523,http://en.wikipedia.org/wiki/Aging_of_Japan,1,
524,http://en.wikipedia.org/wiki/Immigration,1,
525,http://en.wikipedia.org/wiki/United_Nations_High_Commissioner_for_Refugees,1,
526,http://en.wikipedia.org/wiki/Suicide_in_Japan,1,
527,http://en.wikipedia.org/wiki/Template_talk:Largest_cities_of_China,0,
528,http://en.wikipedia.org/wiki/List_of_cities_in_Japan_by_population,0,
529,http://en.wikipedia.org/wiki/List_of_cities_in_Japan,2,
530,http://en.wikipedia.org/wiki/Prefectures_of_Japan,1,
531,http://en.wikipedia.org/wiki/List_of_cities_in_Japan_by_population,0,
532,http://en.wikipedia.org/wiki/List_of_cities_in_Japan_by_population,0,
533,http://en.wikipedia.org/wiki/List_of_cities_in_Japan,2,
534,http://en.wikipedia.org/wiki/Prefectures_of_Japan,1,
535,http://en.wikipedia.org/wiki/List_of_cities_in_Japan_by_population,0,
536,http://en.wikipedia.org/wiki/Tokyo,3,
537,http://en.wikipedia.org/wiki/Yokohama,1,
538,http://en.wikipedia.org/wiki/Tokyo,3,
539,http://en.wikipedia.org/wiki/Tokyo,3,
540,http://en.wikipedia.org/wiki/Hiroshima,2,
541,http://en.wikipedia.org/wiki/Hiroshima_Prefecture,1,
542,http://en.wikipedia.org/wiki/Osaka,2,
543,http://en.wikipedia.org/wiki/Nagoya,1,
544,http://en.wikipedia.org/wiki/Yokohama,1,
545,http://en.wikipedia.org/wiki/Kanagawa_Prefecture,2,
546,http://en.wikipedia.org/wiki/Sendai,1,
547,http://en.wikipedia.org/wiki/Miyagi_Prefecture,1,
548,http://en.wikipedia.org/wiki/Osaka,2,
549,http://en.wikipedia.org/wiki/Osaka_Prefecture,1,
550,http://en.wikipedia.org/wiki/Kitakyushu,1,
551,http://en.wikipedia.org/wiki/Fukuoka,3,
552,http://en.wikipedia.org/wiki/Nagoya,1,
553,http://en.wikipedia.org/wiki/Aichi_Prefecture,1,
554,http://en.wikipedia.org/wiki/Chiba,2,
555,http://en.wikipedia.org/wiki/Chiba_Prefecture,1,
556,http://en.wikipedia.org/wiki/Sapporo,1,
557,http://en.wikipedia.org/wiki/Sakai,1,
558,http://en.wikipedia.org/wiki/Osaka_Prefecture,1,
559,http://en.wikipedia.org/wiki/Kobe,1,
560,http://en.wikipedia.org/wiki/Niigata,2,
561,http://en.wikipedia.org/wiki/Niigata_Prefecture,1,
562,http://en.wikipedia.org/wiki/Kyoto,5,
563,http://en.wikipedia.org/wiki/Kyoto_Prefecture,1,
564,http://en.wikipedia.org/wiki/Hamamatsu,1,
565,http://en.wikipedia.org/wiki/Shizuoka_Prefecture,1,
566,http://en.wikipedia.org/wiki/Fukuoka,3,
567,http://en.wikipedia.org/wiki/Fukuoka_Prefecture,1,
568,http://en.wikipedia.org/wiki/Kumamoto,2,
569,http://en.wikipedia.org/wiki/Kumamoto_Prefecture,1,
570,http://en.wikipedia.org/wiki/Kawasaki,1,
571,http://en.wikipedia.org/wiki/Kanagawa,2,
572,http://en.wikipedia.org/wiki/Sagamihara,1,
573,http://en.wikipedia.org/wiki/Kanagawa,2,
574,http://en.wikipedia.org/wiki/Saitama,2,
575,http://en.wikipedia.org/wiki/Saitama_Prefecture,1,
576,http://en.wikipedia.org/wiki/Shizuoka,2,
577,http://en.wikipedia.org/wiki/Shizuoka_Prefecture,1,
578,http://en.wikipedia.org/wiki/Religion_in_Japan,1,
579,http://en.wikipedia.org/wiki/Torii,1,
580,http://en.wikipedia.org/wiki/Itsukushima_Shrine,1,
581,http://en.wikipedia.org/wiki/Hiroshima,2,
582,http://en.wikipedia.org/wiki/Three_Views_of_Japan,2,
583,http://en.wikipedia.org/wiki/Constitution_of_Japan,1,
584,http://en.wikipedia.org/wiki/Buddhism_in_Japan,1,
585,http://en.wikipedia.org/wiki/Shinto,1,
586,http://en.wikipedia.org/wiki/Syncretism,1,
587,http://en.wikipedia.org/wiki/Danka_system,1,
588,http://en.wikipedia.org/wiki/Edwin_O._Reischauer,1,
589,http://en.wikipedia.org/wiki/Marius_Jansen,1,
590,http://en.wikipedia.org/wiki/Japanese_festivals,1,
591,http://en.wikipedia.org/wiki/Japanese_New_Year,1,
592,http://en.wikipedia.org/wiki/Taoism,1,
593,http://en.wikipedia.org/wiki/Confucianism,1,
594,http://en.wikipedia.org/wiki/Tanabata,1,
595,http://en.wikipedia.org/wiki/Obon,0,
596,http://en.wikipedia.org/wiki/Christmas,1,
597,http://en.wikipedia.org/wiki/Christianity_in_Japan,1,
598,http://en.wikipedia.org/wiki/Islam_in_Japan,1,
599,http://en.wikipedia.org/wiki/Hinduism_in_Japan,1,
600,http://en.wikipedia.org/wiki/Sikhism,1,
601,http://en.wikipedia.org/wiki/Judaism,1,
602,http://en.wikipedia.org/wiki/Japanese_new_religions,1,
603,http://en.wikipedia.org/wiki/Languages_of_Japan,1,
604,http://en.wikipedia.org/wiki/Japanese_language,1,
605,http://en.wikipedia.org/wiki/Agglutinative_language,1,
606,http://en.wikipedia.org/wiki/Honorific_speech_in_Japanese,1,
607,http://en.wikipedia.org/wiki/Japanese_writing_system,1,
608,http://en.wikipedia.org/wiki/Kanji,1,
609,http://en.wikipedia.org/wiki/Chinese_character,1,
610,http://en.wikipedia.org/wiki/Kana,3,
611,http://en.wikipedia.org/wiki/Syllabary,1,
612,http://en.wikipedia.org/wiki/Simplified_Chinese_characters,1,
613,http://en.wikipedia.org/wiki/Latin_alphabet,1,
614,http://en.wikipedia.org/wiki/Arabic_numerals,1,
615,http://en.wikipedia.org/wiki/Ryukyuan_languages,1,
616,http://en.wikipedia.org/wiki/Amami_language,1,
617,http://en.wikipedia.org/wiki/Kunigami_language,1,
618,http://en.wikipedia.org/wiki/Okinawan_language,1,
619,http://en.wikipedia.org/wiki/Miyako_language,1,
620,http://en.wikipedia.org/wiki/Yaeyama_language,1,
621,http://en.wikipedia.org/wiki/Yonaguni_language,1,
622,http://en.wikipedia.org/wiki/Japonic_languages,1,
623,http://en.wikipedia.org/wiki/Ryukyu_Islands,1,
624,http://en.wikipedia.org/wiki/Okinawan_Japanese,1,
625,http://en.wikipedia.org/wiki/Ainu_language,1,
626,http://en.wikipedia.org/wiki/Moribund_language,0,
627,http://en.wikipedia.org/wiki/English_language_education_in_Japan,0,
628,http://en.wikipedia.org/wiki/Education_in_Japan,1,
629,http://en.wikipedia.org/wiki/Higher_education_in_Japan#University_entrance,0,
630,http://en.wikipedia.org/wiki/University_of_Tokyo,1,
631,http://en.wikipedia.org/wiki/Education_in_the_Empire_of_Japan,1,
632,http://en.wikipedia.org/wiki/Elementary_schools_in_Japan,1,
633,http://en.wikipedia.org/wiki/Secondary_education_in_Japan#Middle_school,0,
634,http://en.wikipedia.org/wiki/Secondary_education_in_Japan,1,
635,http://en.wikipedia.org/wiki/Higher_education_in_Japan,1,
636,http://en.wikipedia.org/wiki/University_of_Tokyo,1,
637,http://en.wikipedia.org/wiki/Kyoto_University,1,
638,http://en.wikipedia.org/wiki/Programme_for_International_Student_Assessment,1,
639,http://en.wikipedia.org/wiki/Health_in_Japan,1,
640,http://en.wikipedia.org/wiki/Health_care_system_in_Japan,1,
641,http://en.wikipedia.org/wiki/Kinkaku-ji,1,
642,http://en.wikipedia.org/wiki/List_of_Special_Places_of_Scenic_Beauty,1,
643,http://en.wikipedia.org/wiki/The_Temple_of_the_Golden_Pavilion,1,
644,http://en.wikipedia.org/wiki/Yukio_Mishima,1,
645,http://en.wikipedia.org/wiki/Culture_of_Japan,1,
646,http://en.wikipedia.org/wiki/Japanese_popular_culture,1,
647,http://en.wikipedia.org/wiki/Japanese_handicrafts,1,
648,http://en.wikipedia.org/wiki/Japanese_pottery_and_porcelain,1,
649,http://en.wikipedia.org/wiki/Kimono,1,
650,http://en.wikipedia.org/wiki/Japanese_lacquerware,1,
651,http://en.wikipedia.org/wiki/Japanese_sword,1,
652,http://en.wikipedia.org/wiki/Japanese_traditional_dolls,1,
653,http://en.wikipedia.org/wiki/Bunraku,1,
654,http://en.wikipedia.org/wiki/Kabuki,1,
655,http://en.wikipedia.org/wiki/Noh,1,
656,http://en.wikipedia.org/wiki/Japanese_traditional_dance,1,
657,http://en.wikipedia.org/wiki/Rakugo,1,
658,http://en.wikipedia.org/wiki/Japanese_tea_ceremony,1,
659,http://en.wikipedia.org/wiki/Ikebana,1,
660,http://en.wikipedia.org/wiki/Japanese_martial_arts,1,
661,http://en.wikipedia.org/wiki/Japanese_calligraphy,1,
662,http://en.wikipedia.org/wiki/Origami,1,
663,http://en.wikipedia.org/wiki/Onsen,1,
664,http://en.wikipedia.org/wiki/Geisha,1,
665,http://en.wikipedia.org/wiki/List_of_Japanese_games,2,
666,http://en.wikipedia.org/wiki/Cultural_Properties_of_Japan,1,
667,http://en.wikipedia.org/wiki/National_Treasures_of_Japan,1,
668,http://en.wikipedia.org/wiki/World_Heritage_Sites_in_Japan,0,
669,http://en.wikipedia.org/wiki/Japanese_art,1,
670,http://en.wikipedia.org/wiki/Japanese_architecture,1,
671,http://en.wikipedia.org/wiki/Japanese_garden,2,
672,http://en.wikipedia.org/wiki/Japanese_aesthetics,1,
673,http://en.wikipedia.org/wiki/Ise_Grand_Shrine,1,
674,http://en.wikipedia.org/wiki/Minka,1,
675,http://en.wikipedia.org/wiki/Japanese_Buddhist_architecture,1,
676,http://en.wikipedia.org/wiki/Tatami,1,
677,http://en.wikipedia.org/wiki/Japanese_sculpture,1,
678,http://en.wikipedia.org/wiki/Japanese_painting,1,
679,http://en.wikipedia.org/wiki/Japanese_aesthetics,1,
680,http://en.wikipedia.org/wiki/Ukiyo-e,1,
681,http://en.wikipedia.org/wiki/Japonism,1,
682,http://en.wikipedia.org/wiki/Post-Impressionism,1,
683,http://en.wikipedia.org/wiki/Hokusai,1,
684,http://en.wikipedia.org/wiki/Hiroshige,1,
685,http://en.wikipedia.org/wiki/Woodblock_printing,1,
686,http://en.wikipedia.org/wiki/Manga,1,
687,http://en.wikipedia.org/wiki/Cinema_of_Japan,1,
688,http://en.wikipedia.org/wiki/Anime,1,
689,http://en.wikipedia.org/wiki/Video_game_console,1,
690,http://en.wikipedia.org/wiki/Music_of_Japan,1,
691,http://en.wikipedia.org/wiki/Traditional_Japanese_musical_instruments,1,
692,http://en.wikipedia.org/wiki/Recitative,1,
693,http://en.wikipedia.org/wiki/Noh,1,
694,http://en.wikipedia.org/wiki/Music_of_Japan#Folk_music,0,
695,http://en.wikipedia.org/wiki/Shamisen,1,
696,http://en.wikipedia.org/wiki/Gagaku,1,
697,http://en.wikipedia.org/wiki/20th-century_classical_music,1,
698,http://en.wikipedia.org/wiki/Toru_Takemitsu,1,
699,http://en.wikipedia.org/wiki/J-pop,1,
700,http://en.wikipedia.org/wiki/Karaoke,1,
701,http://en.wikipedia.org/wiki/Agency_for_Cultural_Affairs,1,
702,http://en.wikipedia.org/wiki/Japanese_literature,1,
703,http://en.wikipedia.org/wiki/Japanese_poetry,1,
704,http://en.wikipedia.org/wiki/Genji_Monogatari_Emaki,1,
705,http://en.wikipedia.org/wiki/The_Tale_of_Genji,1,
706,http://en.wikipedia.org/wiki/National_Treasures_of_Japan,1,
707,http://en.wikipedia.org/wiki/Kojiki,1,
708,http://en.wikipedia.org/wiki/Nihon_Shoki,1,
709,http://en.wikipedia.org/wiki/List_of_Japanese_poetry_anthologies,1,
710,http://en.wikipedia.org/wiki/Hiragana,1,
711,http://en.wikipedia.org/wiki/Katakana,1,
712,http://en.wikipedia.org/wiki/The_Tale_of_the_Bamboo_Cutter,1,
713,http://en.wikipedia.org/wiki/The_Pillow_Book,1,
714,http://en.wikipedia.org/wiki/The_Tale_of_Genji,1,
715,http://en.wikipedia.org/wiki/Murasaki_Shikibu,1,
716,http://en.wikipedia.org/wiki/Saikaku,0,
717,http://en.wikipedia.org/wiki/Haikai,1,
718,http://en.wikipedia.org/wiki/Haiku,1,
719,http://en.wikipedia.org/wiki/Oku_no_Hosomichi,1,
720,http://en.wikipedia.org/wiki/Yukio_Mishima,1,
721,http://en.wikipedia.org/wiki/Haruki_Murakami,1,
722,http://en.wikipedia.org/wiki/Nobel_Prize_in_Literature,1,
723,http://en.wikipedia.org/wiki/Yasunari_Kawabata,1,
724,http://en.wikipedia.org/wiki/Japanese_cuisine,1,
725,http://en.wikipedia.org/wiki/Staple_food,1,
726,http://en.wikipedia.org/wiki/Japanese_rice,1,
727,http://en.wikipedia.org/wiki/Japanese_noodles,1,
728,http://en.wikipedia.org/wiki/Okazu,1,
729,http://en.wikipedia.org/wiki/Tofu,1,
730,http://en.wikipedia.org/wiki/Seasonal_food,1,
731,http://en.wikipedia.org/wiki/Japanese_regional_cuisine,1,
732,http://en.wikipedia.org/wiki/Michelin_Guide,1,
733,http://en.wikipedia.org/wiki/Sport_in_Japan,1,
734,http://en.wikipedia.org/wiki/Sumo,1,
735,http://en.wikipedia.org/wiki/Sumo,1,
736,http://en.wikipedia.org/wiki/Japanese_martial_arts,1,
737,http://en.wikipedia.org/wiki/Judo,1,
738,http://en.wikipedia.org/wiki/Karate,1,
739,http://en.wikipedia.org/wiki/Kendo,1,
740,http://en.wikipedia.org/wiki/1964_Summer_Olympics,1,
741,http://en.wikipedia.org/wiki/1972_Winter_Olympics,1,
742,http://en.wikipedia.org/wiki/1998_Winter_Olympics,1,
743,http://en.wikipedia.org/wiki/2020_Summer_Olympics,1,
744,http://en.wikipedia.org/wiki/Rugby_Union,0,
745,http://en.wikipedia.org/wiki/Asian_Five_Nations,1,
746,http://en.wikipedia.org/wiki/IRB_Pacific_Nations_Cup,1,
747,http://en.wikipedia.org/wiki/Rugby_World_Cup,1,
748,http://en.wikipedia.org/wiki/Baseball_in_Japan,1,
749,http://en.wikipedia.org/wiki/Nippon_Professional_Baseball,1,
750,http://en.wikipedia.org/wiki/J._League,1,
751,http://en.wikipedia.org/wiki/2002_FIFA_World_Cup,1,
752,http://en.wikipedia.org/wiki/AFC_Asian_Cup,1,
753,http://en.wikipedia.org/wiki/Super_GT,1,
754,http://en.wikipedia.org/wiki/Formula_Nippon,0,
755,http://en.wikipedia.org/wiki/National_Basketball_Association,1,
756,http://en.wikipedia.org/wiki/Yuta_Tabuse,1,
757,http://en.wikipedia.org/wiki/Tourism_in_Japan,1,
758,http://en.wikipedia.org/wiki/Outline_of_Japan,2,
759,http://en.wikipedia.org/wiki/Index_of_Japan-related_articles,1,
760,http://en.wikipedia.org/wiki/CIA,0,
761,http://en.wikipedia.org/wiki/Emperor_Jimmu,1,
762,http://en.wikipedia.org/wiki/International_Monetary_Fund,1,
763,http://en.wikipedia.org/wiki/CIA,0,
764,http://en.wikipedia.org/wiki/International_Standard_Book_Number,1,
765,http://en.wikipedia.org/wiki/International_Standard_Book_Number,1,
766,http://en.wikipedia.org/wiki/Digital_object_identifier,1,
767,http://en.wikipedia.org/wiki/Digital_object_identifier,1,
768,http://en.wikipedia.org/wiki/PubMed_Identifier,0,
769,http://en.wikipedia.org/wiki/International_Standard_Book_Number,1,
770,http://en.wikipedia.org/wiki/National_Science_Museum_of_Japan,0,
771,http://en.wikipedia.org/wiki/International_Standard_Book_Number,1,
772,http://en.wikipedia.org/wiki/International_Standard_Book_Number,1,
773,http://en.wikipedia.org/wiki/International_Standard_Book_Number,1,
774,http://en.wikipedia.org/wiki/ABC-CLIO,1,
775,http://en.wikipedia.org/wiki/International_Standard_Book_Number,1,
776,http://en.wikipedia.org/wiki/International_Standard_Book_Number,1,
777,http://en.wikipedia.org/wiki/International_Standard_Book_Number,1,
778,http://en.wikipedia.org/wiki/International_Standard_Book_Number,1,
779,http://en.wikipedia.org/wiki/International_Standard_Book_Number,1,
780,http://en.wikipedia.org/wiki/International_Standard_Book_Number,1,
781,http://en.wikipedia.org/wiki/International_Standard_Book_Number,1,
782,http://en.wikipedia.org/wiki/Digital_object_identifier,1,
783,http://en.wikipedia.org/wiki/Digital_object_identifier,1,
784,http://en.wikipedia.org/wiki/International_Standard_Book_Number,1,
785,http://en.wikipedia.org/wiki/International_Standard_Book_Number,1,
786,http://en.wikipedia.org/wiki/International_Standard_Book_Number,1,
787,http://en.wikipedia.org/wiki/International_Standard_Book_Number,1,
788,http://en.wikipedia.org/wiki/International_Standard_Book_Number,1,
789,http://en.wikipedia.org/wiki/Digital_object_identifier,1,
790,http://en.wikipedia.org/wiki/International_Standard_Book_Number,1,
791,http://en.wikipedia.org/wiki/International_Standard_Book_Number,1,
792,http://en.wikipedia.org/wiki/International_Standard_Book_Number,1,
793,http://en.wikipedia.org/wiki/Digital_object_identifier,1,
794,http://en.wikipedia.org/wiki/International_Standard_Book_Number,1,
795,http://en.wikipedia.org/wiki/Organisation_for_Economic_Co-operation_and_Development,2,
796,http://en.wikipedia.org/wiki/International_Standard_Book_Number,1,
797,http://en.wikipedia.org/wiki/International_Standard_Book_Number,1,
798,http://en.wikipedia.org/wiki/University_of_Durham,0,
799,http://en.wikipedia.org/wiki/International_Standard_Book_Number,1,
800,http://en.wikipedia.org/wiki/Japan_National_Tourism_Organization,1,
801,http://en.wikipedia.org/wiki/Japan_National_Tourism_Organization,1,
802,http://en.wikipedia.org/wiki/Organisation_for_Economic_Co-operation_and_Development,2,
803,http://en.wikipedia.org/wiki/International_Standard_Book_Number,1,
804,http://en.wikipedia.org/wiki/International_Standard_Book_Number,1,
805,http://en.wikipedia.org/wiki/International_Standard_Book_Number,1,
806,http://en.wikipedia.org/wiki/Digital_object_identifier,1,
807,http://en.wikipedia.org/wiki/The_Guardian,1,
808,http://en.wikipedia.org/wiki/OECD,0,
809,http://en.wikipedia.org/wiki/Financial_Times,1,
810,http://en.wikipedia.org/wiki/Kyoto_University,1,
811,http://en.wikipedia.org/wiki/Institute_of_Space_and_Astronautical_Science,1,
812,http://en.wikipedia.org/wiki/International_Standard_Book_Number,1,
813,http://en.wikipedia.org/wiki/Reuters,1,
814,http://en.wikipedia.org/wiki/International_Road_Assessment_Program,1,
815,http://en.wikipedia.org/wiki/International_Standard_Book_Number,1,
816,http://en.wikipedia.org/wiki/John_Lie,1,
817,http://en.wikipedia.org/wiki/Gonzalo_Garland,1,
818,http://en.wikipedia.org/wiki/International_Futures,1,
819,http://en.wikipedia.org/wiki/Digital_object_identifier,1,
820,http://en.wikipedia.org/wiki/PubMed_Identifier,0,
821,http://en.wikipedia.org/wiki/International_Standard_Book_Number,1,
822,http://en.wikipedia.org/wiki/International_Standard_Book_Number,1,
823,http://en.wikipedia.org/wiki/International_Standard_Book_Number,1,
824,http://en.wikipedia.org/wiki/International_Standard_Book_Number,1,
825,http://en.wikipedia.org/wiki/Digital_object_identifier,1,
826,http://en.wikipedia.org/wiki/OECD,0,
827,http://en.wikipedia.org/wiki/International_Standard_Book_Number,1,
828,http://en.wikipedia.org/wiki/International_Standard_Book_Number,1,
829,http://en.wikipedia.org/wiki/GameSpot,1,
830,http://en.wikipedia.org/wiki/International_Standard_Book_Number,1,
831,http://en.wikipedia.org/wiki/Olivier_Messiaen,1,
832,http://en.wikipedia.org/wiki/International_Standard_Book_Number,1,
833,http://en.wikipedia.org/wiki/International_Standard_Book_Number,1,
834,http://en.wikipedia.org/wiki/International_Standard_Book_Number,1,
835,http://en.wikipedia.org/wiki/Penguin_Classics,1,
836,http://en.wikipedia.org/wiki/International_Standard_Book_Number,1,
837,http://en.wikipedia.org/wiki/International_Standard_Book_Number,1,
838,http://en.wikipedia.org/wiki/PBS,1,
839,http://en.wikipedia.org/wiki/FIFA,1,
840,http://en.wikipedia.org/wiki/FIFA,1,
841,http://en.wikipedia.org/wiki/Duke_University_Press,1,
842,http://en.wikipedia.org/wiki/Cornell_University_Press,1,
843,http://en.wikipedia.org/wiki/University_of_California_Press,1,
844,http://en.wikipedia.org/wiki/The_World_Factbook,1,
845,http://en.wikipedia.org/wiki/DMOZ,1,
846,http://en.wikipedia.org/wiki/BBC_News,1,
847,http://en.wikipedia.org/wiki/Energy_Information_Administration,1,
848,http://en.wikipedia.org/wiki/Organisation_for_Economic_Co-operation_and_Development,2,
849,http://en.wikipedia.org/wiki/International_Futures,1,
850,http://en.wikipedia.org/wiki/Template_talk:Japan_topics,0,
851,http://en.wikipedia.org/wiki/List_of_Japan-related_topics,0,
852,http://en.wikipedia.org/wiki/History_of_Japan,1,
853,http://en.wikipedia.org/wiki/Japanese_Paleolithic,1,
854,http://en.wikipedia.org/wiki/Yayoi_period,1,
855,http://en.wikipedia.org/wiki/Kofun_period,1,
856,http://en.wikipedia.org/wiki/Asuka_period,1,
857,http://en.wikipedia.org/wiki/Nara_period,1,
858,http://en.wikipedia.org/wiki/Heian_period,1,
859,http://en.wikipedia.org/wiki/Kamakura_period,1,
860,http://en.wikipedia.org/wiki/Muromachi_period,1,
861,http://en.wikipedia.org/wiki/Edo_period,1,
862,http://en.wikipedia.org/wiki/Meiji_period,1,
863,http://en.wikipedia.org/wiki/Heisei_period,1,
864,http://en.wikipedia.org/wiki/Economic_history_of_Japan,1,
865,http://en.wikipedia.org/wiki/Military_history_of_Japan,1,
866,http://en.wikipedia.org/wiki/Naval_history_of_Japan,1,
867,http://en.wikipedia.org/wiki/Imperial_Japanese_Army,1,
868,http://en.wikipedia.org/wiki/Imperial_Seal_of_Japan,1,
869,http://en.wikipedia.org/wiki/Geography_of_Japan,2,
870,http://en.wikipedia.org/wiki/Japanese_addressing_system,1,
871,http://en.wikipedia.org/wiki/Cities_of_Japan,1,
872,http://en.wikipedia.org/wiki/Districts_of_Japan,1,
873,http://en.wikipedia.org/wiki/Environmental_issues_in_Japan,1,
874,http://en.wikipedia.org/wiki/List_of_extreme_points_of_Japan,2,
875,http://en.wikipedia.org/wiki/List_of_islands_of_Japan,1,
876,http://en.wikipedia.org/wiki/List_of_lakes_in_Japan,0,
877,http://en.wikipedia.org/wiki/Prefectures_of_Japan,1,
878,http://en.wikipedia.org/wiki/Regions_of_Japan,0,
879,http://en.wikipedia.org/wiki/Rivers_of_Japan,0,
880,http://en.wikipedia.org/wiki/Towns_of_Japan,0,
881,http://en.wikipedia.org/wiki/Villages_of_Japan,0,
882,http://en.wikipedia.org/wiki/Politics_of_Japan,1,
883,http://en.wikipedia.org/wiki/Elections_in_Japan,1,
884,http://en.wikipedia.org/wiki/Emperor_of_Japan,1,
885,http://en.wikipedia.org/wiki/List_of_Japanese_monarchs,0,
886,http://en.wikipedia.org/wiki/Foreign_relations_of_Japan,1,
887,http://en.wikipedia.org/wiki/Human_rights_in_Japan,1,
888,http://en.wikipedia.org/wiki/LGBT_rights_in_Japan,1,
889,http://en.wikipedia.org/wiki/Judicial_system_of_Japan,1,
890,http://en.wikipedia.org/wiki/Law_of_Japan,1,
891,http://en.wikipedia.org/wiki/Law_enforcement_in_Japan,1,
892,http://en.wikipedia.org/wiki/National_Diet,2,
893,http://en.wikipedia.org/wiki/House_of_Councillors,1,
894,http://en.wikipedia.org/wiki/List_of_political_parties_in_Japan,1,
895,http://en.wikipedia.org/wiki/Japan_Self-Defense_Forces,1,
896,http://en.wikipedia.org/wiki/Japan_Air_Self-Defense_Force,1,
897,http://en.wikipedia.org/wiki/Japan_Ground_Self-Defense_Force,1,
898,http://en.wikipedia.org/wiki/Japan_Maritime_Self-Defense_Force,1,
899,http://en.wikipedia.org/wiki/Government_of_Japan,1,
900,http://en.wikipedia.org/wiki/Cabinet_of_Japan,1,
901,http://en.wikipedia.org/wiki/Monetary_and_fiscal_policy_of_Japan,1,
902,http://en.wikipedia.org/wiki/Foreign_policy_of_Japan,1,
903,http://en.wikipedia.org/wiki/Ministries_of_Japan,1,
904,http://en.wikipedia.org/wiki/Prime_Minister_of_Japan,1,
905,http://en.wikipedia.org/wiki/List_of_Prime_Ministers_of_Japan,1,
906,http://en.wikipedia.org/wiki/Deputy_Prime_Minister_of_Japan,1,
907,http://en.wikipedia.org/wiki/Economy_of_Japan,1,
908,http://en.wikipedia.org/wiki/Agriculture,1,
909,http://en.wikipedia.org/wiki/Bank_of_Japan,1,
910,http://en.wikipedia.org/wiki/International_rankings_of_Japan,1,
911,http://en.wikipedia.org/wiki/Labor_market_of_Japan,1,
912,http://en.wikipedia.org/wiki/Manufacturing_industries_of_Japan,0,
913,http://en.wikipedia.org/wiki/Energy_in_Japan,1,
914,http://en.wikipedia.org/wiki/Solar_power_in_Japan,1,
915,http://en.wikipedia.org/wiki/Telecommunications_in_Japan,0,
916,http://en.wikipedia.org/wiki/Transport_in_Japan,1,
917,http://en.wikipedia.org/wiki/Japanese_yen,1,
918,http://en.wikipedia.org/wiki/Crime_in_Japan,1,
919,http://en.wikipedia.org/wiki/Demographics_of_Japan,1,
920,http://en.wikipedia.org/wiki/Education_in_Japan,1,
921,http://en.wikipedia.org/wiki/Etiquette_in_Japan,1,
922,http://en.wikipedia.org/wiki/Gambling_in_Japan,1,
923,http://en.wikipedia.org/wiki/Housing_in_Japan,1,
924,http://en.wikipedia.org/wiki/Languages_of_Japan,1,
925,http://en.wikipedia.org/wiki/Religion_in_Japan,1,
926,http://en.wikipedia.org/wiki/Sexuality_in_Japan,1,
927,http://en.wikipedia.org/wiki/Smoking_in_Japan,1,
928,http://en.wikipedia.org/wiki/Women_in_Japan,1,
929,http://en.wikipedia.org/wiki/Career_woman,1,
930,http://en.wikipedia.org/wiki/Culture_of_Japan,1,
931,http://en.wikipedia.org/wiki/Japanese_aesthetics,1,
932,http://en.wikipedia.org/wiki/Anime,1,
933,http://en.wikipedia.org/wiki/Manga,1,
934,http://en.wikipedia.org/wiki/Japanese_architecture,1,
935,http://en.wikipedia.org/wiki/Japanese_Art,0,
936,http://en.wikipedia.org/wiki/Bonsai,1,
937,http://en.wikipedia.org/wiki/Cinema_of_Japan,1,
938,http://en.wikipedia.org/wiki/Japanese_cuisine,1,
939,http://en.wikipedia.org/wiki/Japanese_festivals,1,
940,http://en.wikipedia.org/wiki/Japanese_folklore,1,
941,http://en.wikipedia.org/wiki/Japanese_folktales,1,
942,http://en.wikipedia.org/wiki/Japanese_gardens,0,
943,http://en.wikipedia.org/wiki/Geisha,1,
944,http://en.wikipedia.org/wiki/Japanese_games,0,
945,http://en.wikipedia.org/wiki/Ikebana,1,
946,http://en.wikipedia.org/wiki/Kawaii,1,
947,http://en.wikipedia.org/wiki/Japanese_literature,1,
948,http://en.wikipedia.org/wiki/Japanese_martial_arts,1,
949,http://en.wikipedia.org/wiki/Media_of_Japan,1,
950,http://en.wikipedia.org/wiki/Music_of_Japan,1,
951,http://en.wikipedia.org/wiki/Japanese_mythology,1,
952,http://en.wikipedia.org/wiki/Japanese_name,1,
953,http://en.wikipedia.org/wiki/Onsen,1,
954,http://en.wikipedia.org/wiki/Sport_in_Japan,1,
955,http://en.wikipedia.org/wiki/Japanese_tea_ceremony,1,
956,http://en.wikipedia.org/wiki/Television_in_Japan,1,
957,http://en.wikipedia.org/wiki/Theatre_of_Japan,1,
958,http://en.wikipedia.org/wiki/Outline_of_Japan,2,
959,http://en.wikipedia.org/wiki/Index_of_Japan-related_articles,1,
960,http://en.wikipedia.org/wiki/Template_talk:Regions_and_administrative_divisions_of_Japan,0,
961,http://en.wikipedia.org/wiki/List_of_regions_of_Japan,2,
962,http://en.wikipedia.org/wiki/Government_of_Japan,1,
963,http://en.wikipedia.org/wiki/List_of_regions_of_Japan,2,
964,http://en.wikipedia.org/wiki/Hokkaido,1,
965,http://en.wikipedia.org/wiki/Hokuriku_region,1,
966,http://en.wikipedia.org/wiki/Kansai_region,1,
967,http://en.wikipedia.org/wiki/Shikoku,1,
968,http://en.wikipedia.org/wiki/Kyushu,1,
969,http://en.wikipedia.org/wiki/Northern_Kyushu,1,
970,http://en.wikipedia.org/wiki/Okinawa_Prefecture,2,
971,http://en.wikipedia.org/wiki/Prefectures_of_Japan,1,
972,http://en.wikipedia.org/wiki/Hokkaido,1,
973,http://en.wikipedia.org/wiki/Hokkaido,1,
974,http://en.wikipedia.org/wiki/Aomori_Prefecture,1,
975,http://en.wikipedia.org/wiki/Iwate_Prefecture,1,
976,http://en.wikipedia.org/wiki/Miyagi_Prefecture,1,
977,http://en.wikipedia.org/wiki/Akita_Prefecture,1,
978,http://en.wikipedia.org/wiki/Yamagata_Prefecture,1,
979,http://en.wikipedia.org/wiki/Fukushima_Prefecture,1,
980,http://en.wikipedia.org/wiki/Ibaraki_Prefecture,1,
981,http://en.wikipedia.org/wiki/Tochigi_Prefecture,1,
982,http://en.wikipedia.org/wiki/Gunma_Prefecture,1,
983,http://en.wikipedia.org/wiki/Saitama_Prefecture,1,
984,http://en.wikipedia.org/wiki/Chiba_Prefecture,1,
985,http://en.wikipedia.org/wiki/Tokyo,3,
986,http://en.wikipedia.org/wiki/Kanagawa_Prefecture,2,
987,http://en.wikipedia.org/wiki/Niigata_Prefecture,1,
988,http://en.wikipedia.org/wiki/Toyama_Prefecture,1,
989,http://en.wikipedia.org/wiki/Ishikawa_Prefecture,1,
990,http://en.wikipedia.org/wiki/Fukui_Prefecture,1,
991,http://en.wikipedia.org/wiki/Yamanashi_Prefecture,1,
992,http://en.wikipedia.org/wiki/Nagano_Prefecture,1,
993,http://en.wikipedia.org/wiki/Gifu_Prefecture,1,
994,http://en.wikipedia.org/wiki/Shizuoka_Prefecture,1,
995,http://en.wikipedia.org/wiki/Aichi_Prefecture,1,
996,http://en.wikipedia.org/wiki/Kansai_region,1,
997,http://en.wikipedia.org/wiki/Mie_Prefecture,1,
998,http://en.wikipedia.org/wiki/Shiga_Prefecture,1,
999,http://en.wikipedia.org/wiki/Kyoto_Prefecture,1,
1000,http://en.wikipedia.org/wiki/Osaka_Prefecture,1,
1001,http://en.wikipedia.org/wiki/Nara_Prefecture,1,
1002,http://en.wikipedia.org/wiki/Wakayama_Prefecture,1,
1003,http://en.wikipedia.org/wiki/Tottori_Prefecture,1,
1004,http://en.wikipedia.org/wiki/Shimane_Prefecture,1,
1005,http://en.wikipedia.org/wiki/Okayama_Prefecture,1,
1006,http://en.wikipedia.org/wiki/Hiroshima_Prefecture,1,
1007,http://en.wikipedia.org/wiki/Yamaguchi_Prefecture,1,
1008,http://en.wikipedia.org/wiki/Shikoku,1,
1009,http://en.wikipedia.org/wiki/Tokushima_Prefecture,1,
1010,http://en.wikipedia.org/wiki/Kagawa_Prefecture,1,
1011,http://en.wikipedia.org/wiki/Ehime_Prefecture,1,
1012,http://en.wikipedia.org/wiki/Kyushu,1,
1013,http://en.wikipedia.org/wiki/Fukuoka_Prefecture,1,
1014,http://en.wikipedia.org/wiki/Saga_Prefecture,1,
1015,http://en.wikipedia.org/wiki/Nagasaki_Prefecture,1,
1016,http://en.wikipedia.org/wiki/Kumamoto_Prefecture,1,
1017,http://en.wikipedia.org/wiki/Miyazaki_Prefecture,1,
1018,http://en.wikipedia.org/wiki/Kagoshima_Prefecture,1,
1019,http://en.wikipedia.org/wiki/Okinawa_Prefecture,2,
1020,http://en.wikipedia.org/wiki/Template_talk:Major_non-NATO_ally,0,
1021,http://en.wikipedia.org/wiki/Major_non-NATO_ally,1,
1022,http://en.wikipedia.org/wiki/United_States,2,
1023,http://en.wikipedia.org/wiki/Afghanistan,1,
1024,http://en.wikipedia.org/wiki/Argentina,1,
1025,http://en.wikipedia.org/wiki/Australia,1,
1026,http://en.wikipedia.org/wiki/Bahrain,1,
1027,http://en.wikipedia.org/wiki/Egypt,1,
1028,http://en.wikipedia.org/wiki/Israel,1,
1029,http://en.wikipedia.org/wiki/Jordan,1,
1030,http://en.wikipedia.org/wiki/Kuwait,1,
1031,http://en.wikipedia.org/wiki/Morocco,1,
1032,http://en.wikipedia.org/wiki/New_Zealand,1,
1033,http://en.wikipedia.org/wiki/Pakistan,1,
1034,http://en.wikipedia.org/wiki/Philippines,1,
1035,http://en.wikipedia.org/wiki/South_Korea,1,
1036,http://en.wikipedia.org/wiki/Thailand,1,
1037,http://en.wikipedia.org/wiki/East_Asia_Summit,1,
1038,http://en.wikipedia.org/wiki/First_East_Asia_Summit,1,
1039,http://en.wikipedia.org/wiki/Second_East_Asia_Summit,1,
1040,http://en.wikipedia.org/wiki/Third_East_Asia_Summit,1,
1041,http://en.wikipedia.org/wiki/Fourth_East_Asia_Summit,1,
1042,http://en.wikipedia.org/wiki/Fifth_East_Asia_Summit,1,
1043,http://en.wikipedia.org/wiki/Sixth_East_Asia_Summit,1,
1044,http://en.wikipedia.org/wiki/Seventh_East_Asia_Summit,1,
1045,http://en.wikipedia.org/wiki/Ninth_East_Asia_Summit,1,
1046,http://en.wikipedia.org/wiki/Australia,1,
1047,http://en.wikipedia.org/wiki/Brunei,1,
1048,http://en.wikipedia.org/wiki/Burma,1,
1049,http://en.wikipedia.org/wiki/Cambodia,1,
1050,http://en.wikipedia.org/wiki/China,1,
1051,http://en.wikipedia.org/wiki/India,1,
1052,http://en.wikipedia.org/wiki/Indonesia,1,
1053,http://en.wikipedia.org/wiki/Laos,1,
1054,http://en.wikipedia.org/wiki/Malaysia,1,
1055,http://en.wikipedia.org/wiki/New_Zealand,1,
1056,http://en.wikipedia.org/wiki/Philippines,1,
1057,http://en.wikipedia.org/wiki/Russia,1,
1058,http://en.wikipedia.org/wiki/Singapore,1,
1059,http://en.wikipedia.org/wiki/South_Korea,1,
1060,http://en.wikipedia.org/wiki/Thailand,1,
1061,http://en.wikipedia.org/wiki/United_States,2,
1062,http://en.wikipedia.org/wiki/Vietnam,1,
1063,http://en.wikipedia.org/wiki/Template_talk:Current_G8_Leaders,0,
1064,http://en.wikipedia.org/wiki/List_of_G8_leaders,1,
1065,http://en.wikipedia.org/wiki/G8,1,
1066,http://en.wikipedia.org/wiki/Canada,1,
1067,http://en.wikipedia.org/wiki/Stephen_Harper,1,
1068,http://en.wikipedia.org/wiki/France,1,
1069,http://en.wikipedia.org/wiki/Germany,1,
1070,http://en.wikipedia.org/wiki/Angela_Merkel,1,
1071,http://en.wikipedia.org/wiki/Italy,1,
1072,http://en.wikipedia.org/wiki/Matteo_Renzi,1,
1073,http://en.wikipedia.org/wiki/Japan,71,
1074,http://en.wikipedia.org/wiki/Russia,1,
1075,http://en.wikipedia.org/wiki/Vladimir_Putin,1,
1076,http://en.wikipedia.org/wiki/United_Kingdom,1,
1077,http://en.wikipedia.org/wiki/David_Cameron,1,
1078,http://en.wikipedia.org/wiki/United_States,2,
1079,http://en.wikipedia.org/wiki/Barack_Obama,1,
1080,http://en.wikipedia.org/wiki/European_Union,1,
1081,http://en.wikipedia.org/wiki/Herman_Van_Rompuy,1,
1082,http://en.wikipedia.org/wiki/European_Union,1,
1083,http://en.wikipedia.org/wiki/Template_talk:G20,0,
1084,http://en.wikipedia.org/wiki/G-20_major_economies,1,
1085,http://en.wikipedia.org/wiki/Argentina,1,
1086,http://en.wikipedia.org/wiki/Argentina,1,
1087,http://en.wikipedia.org/wiki/Australia,1,
1088,http://en.wikipedia.org/wiki/Australia,1,
1089,http://en.wikipedia.org/wiki/Brazil,3,
1090,http://en.wikipedia.org/wiki/Brazil,3,
1091,http://en.wikipedia.org/wiki/Canada,1,
1092,http://en.wikipedia.org/wiki/Canada,1,
1093,http://en.wikipedia.org/wiki/China,1,
1094,http://en.wikipedia.org/wiki/China,1,
1095,http://en.wikipedia.org/wiki/European_Union,1,
1096,http://en.wikipedia.org/wiki/European_Union,1,
1097,http://en.wikipedia.org/wiki/France,1,
1098,http://en.wikipedia.org/wiki/France,1,
1099,http://en.wikipedia.org/wiki/Germany,1,
1100,http://en.wikipedia.org/wiki/Germany,1,
1101,http://en.wikipedia.org/wiki/India,1,
1102,http://en.wikipedia.org/wiki/India,1,
1103,http://en.wikipedia.org/wiki/Indonesia,1,
1104,http://en.wikipedia.org/wiki/Indonesia,1,
1105,http://en.wikipedia.org/wiki/Italy,1,
1106,http://en.wikipedia.org/wiki/Italy,1,
1107,http://en.wikipedia.org/wiki/Japan,71,
1108,http://en.wikipedia.org/wiki/Mexico,1,
1109,http://en.wikipedia.org/wiki/Mexico,1,
1110,http://en.wikipedia.org/wiki/Russia,1,
1111,http://en.wikipedia.org/wiki/Russia,1,
1112,http://en.wikipedia.org/wiki/Saudi_Arabia,1,
1113,http://en.wikipedia.org/wiki/Saudi_Arabia,1,
1114,http://en.wikipedia.org/wiki/South_Africa,1,
1115,http://en.wikipedia.org/wiki/South_Africa,1,
1116,http://en.wikipedia.org/wiki/South_Korea,1,
1117,http://en.wikipedia.org/wiki/South_Korea,1,
1118,http://en.wikipedia.org/wiki/Turkey,1,
1119,http://en.wikipedia.org/wiki/Turkey,1,
1120,http://en.wikipedia.org/wiki/United_Kingdom,1,
1121,http://en.wikipedia.org/wiki/United_Kingdom,1,
1122,http://en.wikipedia.org/wiki/United_States,2,
1123,http://en.wikipedia.org/wiki/United_States,2,
1124,http://en.wikipedia.org/wiki/Template_talk:Trilateral_meeting_leaders,0,
1125,http://en.wikipedia.org/wiki/China,1,
1126,http://en.wikipedia.org/wiki/South_Korea,1,
1127,http://en.wikipedia.org/wiki/China,1,
1128,http://en.wikipedia.org/wiki/Li_Keqiang,1,
1129,http://en.wikipedia.org/wiki/Japan,71,
1130,http://en.wikipedia.org/wiki/South_Korea,1,
1131,http://en.wikipedia.org/wiki/Park_Geun-hye,1,
1132,http://en.wikipedia.org/wiki/China,1,
1133,http://en.wikipedia.org/wiki/Japan,71,
1134,http://en.wikipedia.org/wiki/Fumio_Kishida,1,
1135,http://en.wikipedia.org/wiki/South_Korea,1,
1136,http://en.wikipedia.org/wiki/Yun_Byung-se,1,
1137,http://en.wikipedia.org/wiki/Template_talk:Monarchies,0,
1138,http://en.wikipedia.org/wiki/Monarchy,1,
1139,http://en.wikipedia.org/wiki/List_of_current_sovereign_monarchs,1,
1140,http://en.wikipedia.org/wiki/List_of_current_constituent_monarchs,1,
1141,http://en.wikipedia.org/wiki/Monarchies_in_Africa,1,
1142,http://en.wikipedia.org/wiki/Monarchies_in_the_Americas,1,
1143,http://en.wikipedia.org/wiki/Monarchies_in_Asia,1,
1144,http://en.wikipedia.org/wiki/Monarchies_in_Europe,1,
1145,http://en.wikipedia.org/wiki/Monarchies_in_Oceania,1,
1146,http://en.wikipedia.org/wiki/Antigua_and_Barbuda,1,
1147,http://en.wikipedia.org/wiki/Australia,1,
1148,http://en.wikipedia.org/wiki/Andorra,1,
1149,http://en.wikipedia.org/wiki/The_Bahamas,1,
1150,http://en.wikipedia.org/wiki/Bahrain,1,
1151,http://en.wikipedia.org/wiki/Barbados,1,
1152,http://en.wikipedia.org/wiki/Belize,1,
1153,http://en.wikipedia.org/wiki/Belgium,1,
1154,http://en.wikipedia.org/wiki/Bhutan,1,
1155,http://en.wikipedia.org/wiki/Brunei,1,
1156,http://en.wikipedia.org/wiki/Cambodia,1,
1157,http://en.wikipedia.org/wiki/Canada,1,
1158,http://en.wikipedia.org/wiki/Cook_Islands,1,
1159,http://en.wikipedia.org/wiki/Denmark,1,
1160,http://en.wikipedia.org/wiki/Grenada,1,
1161,http://en.wikipedia.org/wiki/Jamaica,1,
1162,http://en.wikipedia.org/wiki/Jordan,1,
1163,http://en.wikipedia.org/wiki/Kuwait,1,
1164,http://en.wikipedia.org/wiki/Liechtenstein,1,
1165,http://en.wikipedia.org/wiki/Lesotho,1,
1166,http://en.wikipedia.org/wiki/Luxembourg,1,
1167,http://en.wikipedia.org/wiki/Malaysia,1,
1168,http://en.wikipedia.org/wiki/Monaco,1,
1169,http://en.wikipedia.org/wiki/Morocco,1,
1170,http://en.wikipedia.org/wiki/Kingdom_of_the_Netherlands,1,
1171,http://en.wikipedia.org/wiki/New_Zealand,1,
1172,http://en.wikipedia.org/wiki/Niue,1,
1173,http://en.wikipedia.org/wiki/Norway,1,
1174,http://en.wikipedia.org/wiki/Oman,1,
1175,http://en.wikipedia.org/wiki/Papua_New_Guinea,1,
1176,http://en.wikipedia.org/wiki/Qatar,1,
1177,http://en.wikipedia.org/wiki/Spain,1,
1178,http://en.wikipedia.org/wiki/Saint_Kitts_and_Nevis,1,
1179,http://en.wikipedia.org/wiki/Saint_Lucia,1,
1180,http://en.wikipedia.org/wiki/Saint_Vincent_and_the_Grenadines,1,
1181,http://en.wikipedia.org/wiki/Saudi_Arabia,1,
1182,http://en.wikipedia.org/wiki/Solomon_Islands,1,
1183,http://en.wikipedia.org/wiki/Swaziland,1,
1184,http://en.wikipedia.org/wiki/Sweden,1,
1185,http://en.wikipedia.org/wiki/Thailand,1,
1186,http://en.wikipedia.org/wiki/Tonga,1,
1187,http://en.wikipedia.org/wiki/Tuvalu,1,
1188,http://en.wikipedia.org/wiki/United_Arab_Emirates,1,
1189,http://en.wikipedia.org/wiki/United_Kingdom,1,
1190,http://en.wikipedia.org/wiki/Vatican_City,1,
1191,http://en.wikipedia.org/wiki/Absolute_monarchy,1,
1192,http://en.wikipedia.org/wiki/Constitutional_monarchy,1,
1193,http://en.wikipedia.org/wiki/Elective_monarchy,1,
1194,http://en.wikipedia.org/wiki/Hereditary_monarchy,1,
1195,http://en.wikipedia.org/wiki/Diarchy,1,
1196,http://en.wikipedia.org/wiki/Federal_monarchy,1,
1197,http://en.wikipedia.org/wiki/Commonwealth_realm,1,
1198,http://en.wikipedia.org/wiki/Personal_union,1,
1199,http://en.wikipedia.org/wiki/Head_of_state,1,
1200,http://en.wikipedia.org/wiki/Japan,71,
1201,http://en.wikipedia.org/wiki/Japan,71,
1202,http://en.wikipedia.org/wiki/Main_Page,2,
1203,http://en.wikipedia.org/wiki/Main_Page,2,
